parameter,time,control_or_change,rainfall,boxcox_streamflow,boxcox_streamflow_residual,boxcox_dot_to_line_residual,streamflow
intercept,1,Control,809.8010453182804,10.324437544459652,2.6642462275149192,2.6642462275149192,110.07032737944462
intercept,1,Change,809.8010453182804,6.874842515238632,-0.7853488017061006,2.664246227514841,41.70914859782651
intercept,2,Control,1371.7876250313125,15.945760243092638,0.3914519896579556,0.3914519896579556,347.2904866055644
intercept,2,Change,1371.7876250313125,12.496165213871619,-3.0581430395630633,0.39145198965795025,180.0092020910606
intercept,3,Control,1170.28335033555,15.164175642944643,2.440359015240963,2.440359015240963,302.539212107289
intercept,3,Change,1170.28335033555,11.714580613723623,-1.0092360139800576,2.440359015240963,152.05189802967723
intercept,4,Control,1146.8357721478833,15.59896394533506,3.2045109194907866,3.2045109194907866,326.9002352805401
intercept,4,Change,1146.8357721478833,12.149368916114039,-0.2450841097302341,3.2045109194907866,167.1963229355346
intercept,5,Control,942.0533103740995,9.402566803376889,-0.11534653603926515,-0.11534653603926515,87.19729232107784
intercept,5,Change,942.0533103740995,5.952971774155868,-3.564941565260286,-0.11534653603926603,30.423838779885344
intercept,6,Control,1071.5142298988376,14.303425439792257,2.9669995694262443,2.9669995694262443,258.10718761074696
intercept,6,Change,1071.5142298988376,10.853830410571236,-0.48259545979477636,2.9669995694262443,124.94612351985549
intercept,7,Control,1053.9464967965414,10.516727754186098,-0.5729275625318415,-0.5729275625318415,115.32137505229815
intercept,7,Change,1053.9464967965414,7.067132724965077,-4.022522591752862,-0.5729275625318415,44.38608622655673
intercept,8,Control,1124.9538944646547,10.554678730567872,-1.5324037859849113,-1.5324037859849113,116.37806519067126
intercept,8,Change,1124.9538944646547,7.105083701346852,-4.981998815205931,-1.5324037859849122,44.928266435912995
intercept,9,Control,632.9819079262686,6.559975296534782,1.383528249594848,1.383528249594848,37.573014543029736
intercept,9,Change,632.9819079262686,3.1103802673137633,-2.066066779626171,1.38352824959485,8.99894533548686
intercept,10,Control,1137.9147606728775,10.595255178656792,-1.6738861221078096,-1.6738861221078096,117.51533516124422
intercept,10,Change,1137.9147606728775,7.145660149435771,-5.123481151328831,-1.6738861221078105,45.51306499320721
intercept,11,Control,967.1450540211221,10.827754833476902,0.9573826175673457,0.9573826175673457,124.18227298856453
intercept,11,Change,967.1450540211221,7.3781598042558825,-2.492212411653674,0.9573826175673457,48.96708245047618
intercept,12,Control,798.0058237906436,8.576855051653226,1.0823489332385474,1.0823489332385474,69.73748566752941
intercept,12,Change,798.0058237906436,5.127260022432207,-2.3672460959824715,1.0823489332385492,22.305241108983715
intercept,13,Control,727.6193823774857,6.538416741564018,0.032615370409665445,0.032615370409665445,37.300789271306655
intercept,13,Change,727.6193823774857,3.088821712342999,-3.4169796588113535,0.03261537040966722,8.898978069428022
intercept,14,Control,1355.933268848169,15.887266993614102,0.5556618191860494,0.5556618191860494,343.7906090437535
intercept,14,Change,1355.933268848169,12.437671964393079,-2.893933210034973,0.5556618191860476,177.8015084445188
intercept,15,Control,853.345696030419,11.16266910621704,2.8908144914480953,2.8908144914480953,134.2450745693992
intercept,15,Change,853.345696030419,7.713074076996018,-0.5587805377729262,2.8908144914480944,54.2593230868588
intercept,16,Control,747.4769313431825,6.798688011458748,0.013951485505269368,0.013951485505269368,40.68095777147423
intercept,16,Change,747.4769313431825,3.3490929822377278,-3.435643543715751,0.013951485505270256,10.159011328474074
intercept,17,Control,893.1741832056745,7.299230851395533,-1.5320868297788497,-1.5320868297788497,47.7746549730758
intercept,17,Change,893.1741832056745,3.849635822174513,-4.98168185899987,-1.5320868297788492,12.924612193049091
intercept,18,Control,762.8375530401396,6.011611659909863,-0.9888925520885072,-0.9888925520885072,31.068957444945248
intercept,18,Change,762.8375530401396,2.5620166306888432,-4.438487581309527,-0.9888925520885063,6.690154583280615
intercept,19,Control,1360.14623225907,14.349381457190754,-1.0414024005286127,-1.0414024005286127,260.3558394671747
intercept,19,Change,1360.14623225907,10.899786427969733,-4.490997429749633,-1.0414024005286127,126.30034238307063
intercept,20,Control,952.0933294457475,11.143892411925128,1.484948863857639,1.484948863857639,133.66632381464046
intercept,20,Change,952.0933294457475,7.694297382704106,-1.9646461653633827,1.484948863857638,53.95249879375685
intercept,21,Control,848.3012575373444,7.997570137985625,-0.20342622361365148,-0.20342622361365148,59.058985387642444
intercept,21,Change,848.3012575373444,4.547975108764606,-3.6530212528346704,-0.20342622361364882,17.60888796119636
intercept,22,Control,831.3479116148408,4.920885289054461,-3.0419706969412763,-3.0419706969412763,20.542694486901514
intercept,22,Change,831.3479116148408,1.4712902598334408,-6.491565726162297,-3.0419706969412763,3.382741002907579
intercept,23,Control,842.439508990709,6.850923890482157,-1.2677336214900166,-1.2677336214900166,41.38427788632542
intercept,23,Change,842.439508990709,3.4013288612611383,-4.7173286507110355,-1.2677336214900157,10.426140462455088
intercept,24,Control,1070.6463019605076,10.396974977966325,-0.9272592762918386,-0.9272592762918386,112.03106904497899
intercept,24,Change,1070.6463019605076,6.947379948745306,-4.3768543055128575,-0.9272592762918377,42.70528981003922
intercept,25,Control,1079.2353915984058,8.526522165795216,-2.918361371608084,-2.918361371608084,68.75994295911518
intercept,25,Change,1079.2353915984058,5.076927136574197,-6.367956400829103,-2.918361371608082,21.865982866332185
intercept,26,Control,1045.9616782980786,8.934450466965538,-2.0430436465868365,-2.0430436465868365,76.96463744236321
intercept,26,Change,1045.9616782980786,5.4848554377445184,-5.492638675807856,-2.0430436465868373,25.605631288572443
intercept,27,Control,895.2244506702026,9.745094867137217,0.8849774749015307,0.8849774749015307,95.26265706415421
intercept,27,Change,895.2244506702026,6.295499837916196,-2.56461755431949,0.8849774749015298,34.328096555466495
intercept,28,Control,1008.3409440623815,10.845982351207297,0.39693942494991497,0.39693942494991497,124.71587973018744
intercept,28,Change,1008.3409440623815,7.3963873219862775,-3.052655604271105,0.39693942494991674,49.245388397551274
intercept,29,Control,1010.4300478390683,12.198305666078285,1.7199175025840123,1.7199175025840123,168.96437315913488
intercept,29,Change,1010.4300478390683,8.748710636857266,-1.7296775266370066,1.719917502584014,73.14852200895427
intercept,30,Control,1178.5242226084245,11.138839361391064,-1.7007352073900837,-1.7007352073900837,133.51087329146927
intercept,30,Change,1178.5242226084245,7.689244332170046,-5.150330236611102,-1.700735207390081,53.87013628755862
intercept,31,Control,1278.3618610328856,15.271294818240971,1.029320226334459,1.029320226334459,308.4187906525246
intercept,31,Change,1278.3618610328856,11.821699789019952,-2.42027480288656,1.0293202263344625,155.68991517160134
intercept,32,Control,1063.8895408434803,10.768224380904321,-0.4610989550237665,-0.4610989550237665,122.45066454764998
intercept,32,Change,1063.8895408434803,7.318629351683303,-3.9106939842447845,-0.46109895502376474,48.06581423886453
intercept,33,Control,809.8671839909055,8.763791315202337,1.102670961098065,1.102670961098065,73.45330946207446
intercept,33,Change,809.8671839909055,5.314196285981317,-2.346924068122955,1.1026709610980658,23.990780457779344
intercept,34,Control,879.2042182161018,10.089985855966978,1.454901574676752,1.454901574676752,103.89721508341626
intercept,34,Change,879.2042182161018,6.640390826745958,-1.9946934545442678,1.4549015746767529,38.60071585353534
intercept,35,Control,941.259563409099,5.460701571693047,-4.046062157419428,-4.046062157419428,25.37258986186528
intercept,35,Change,941.259563409099,2.0111065424720254,-7.495657186640449,-4.046062157419429,4.8240466769734915
intercept,36,Control,866.2033510611727,9.89132663781465,1.4388630263083684,1.4388630263083684,98.85968683110688
intercept,36,Change,866.2033510611727,6.441731608593632,-2.0107320029126496,1.438863026308371,36.09688176820619
intercept,37,Control,876.9889026282465,7.628248928816922,-0.9757172423029692,-0.9757172423029692,52.882868834651475
intercept,37,Change,876.9889026282465,4.178653899595904,-4.425312271523987,-0.9757172423029674,15.005609933338977
intercept,38,Control,896.5453224706046,7.2259857909794665,-1.652685632307655,-1.652685632307655,46.68641937448484
intercept,38,Change,896.5453224706046,3.776390761758446,-5.102280661528676,-1.652685632307655,12.490505285010164
intercept,39,Control,800.6796359321816,8.425671657618896,0.8936070165037542,0.8936070165037542,66.83020060060406
intercept,39,Change,800.6796359321816,4.976076628397877,-2.5559880127172647,0.8936070165037568,21.004135118193155
intercept,40,Control,924.8657634387625,8.978202276914553,-0.2982809105071489,-0.2982809105071489,77.88340573628098
intercept,40,Change,924.8657634387625,5.528607247693535,-3.747875939728167,-0.2982809105071462,26.03156599542638
intercept,41,Control,938.9006026059986,7.733173905771728,-1.7404539565772046,-1.7404539565772046,54.58911964901054
intercept,41,Change,938.9006026059986,4.283578876550709,-5.1900489857982235,-1.7404539565772028,15.715710353605086
intercept,42,Control,1073.8236487469107,12.434068916067151,1.065203085210742,1.065203085210742,177.6661425876431
intercept,42,Change,1073.8236487469107,8.98447388684613,-2.3843919440102788,1.065203085210742,78.01573277107632
intercept,43,Control,882.7232287515387,6.913388425446095,-1.7711267171320726,-1.7711267171320726,42.23644211572843
intercept,43,Change,882.7232287515387,3.4637933962250766,-5.220721746353091,-1.771126717132069,10.751987228637951
intercept,44,Control,897.284803494087,8.793565405330673,-0.09549336506118955,-0.09549336506118955,74.05766581250913
intercept,44,Change,897.284803494087,5.343970376109655,-3.5450883942822076,-0.09549336506118689,24.26722833139726
intercept,45,Control,753.8250363760699,5.805840382873964,-1.0680667483283477,-1.0680667483283477,28.846555143183835
intercept,45,Change,753.8250363760699,2.356245353652945,-4.5176617775493675,-1.0680667483283464,5.942983749664007
intercept,46,Control,543.4499971787914,3.983378116412049,0.0645685264890945,0.0645685264890945,13.744341663134026
intercept,46,Change,543.4499971787914,0.5337830871910294,-3.3850265027319253,0.06456852648909617,1.6406968279577712
intercept,47,Control,966.9172341114601,9.125432839798158,-0.7417392338442106,-0.7417392338442106,81.03157852442895
intercept,47,Change,966.9172341114601,5.675837810577139,-4.1913342630652295,-0.7417392338442088,27.501326334454664
intercept,48,Control,938.2430471806242,12.047771869531449,2.583380561234714,2.583380561234714,163.56711406877412
intercept,48,Change,938.2430471806242,8.59817684031043,-0.8662144679863051,2.5833805612347156,70.154505652669
intercept,49,Control,957.7884287968509,8.315208973145507,-1.4237325354880426,-1.4237325354880426,64.76038970675506
intercept,49,Change,957.7884287968509,4.8656139439244885,-4.8733275647090615,-1.4237325354880408,20.08774383436479
intercept,50,Control,954.8046999213757,9.0986156041224735,-0.598414041309983,-0.598414041309983,80.45164117311337
intercept,50,Change,954.8046999213757,5.649020574901455,-4.048009070531002,-0.5984140413099812,27.2293990858009
intercept,51,Control,765.2011856375132,7.112926906030531,0.07922120347682782,0.07922120347682782,45.040892259170725
intercept,51,Change,765.2011856375132,3.6633318768095116,-3.370373825744192,0.0792212034768287,11.840621372706531
intercept,52,Control,515.4921352307244,1.9070905195819043,-1.6190003836688849,-1.6190003836688849,4.518131826364255
intercept,52,Change,515.4921352307244,-1.542504509639115,-5.068595412889904,-1.6190003836688833,0.12606207026984798
intercept,53,Control,961.1526203717035,8.015904244159154,-1.7702934137265753,-1.7702934137265753,59.378124167000045
intercept,53,Change,961.1526203717035,4.566309214938135,-5.219888442947594,-1.7702934137265736,17.74580275697828
intercept,54,Control,741.8484175028,7.59377617154075,0.8881022923453497,0.8881022923453497,52.3305340464333
intercept,54,Change,741.8484175028,4.144181142319731,-2.5614927368756693,0.8881022923453519,14.777298878312898
intercept,55,Control,792.6443773960509,8.594095844593898,1.174900928110855,1.174900928110855,70.0745532116858
intercept,55,Change,792.6443773960509,5.144500815372878,-2.274694101110165,1.1749009281108562,22.457111909860817
intercept,56,Control,1078.8899715887035,11.767814029213307,0.3277825399677887,0.3277825399677887,153.85230281966457
intercept,56,Change,1078.8899715887035,8.318218999992286,-3.121812489253232,0.3277825399677887,64.81618761380793
intercept,57,Control,1157.7386870975197,14.973278812114396,2.4256746458906076,2.4256746458906076,292.25645838625144
intercept,57,Change,1157.7386870975197,11.523683782893375,-1.0239203833304131,2.4256746458906058,145.71678970296372
intercept,58,Control,957.7826910754833,8.930025537772252,-0.8088353741974981,-0.8088353741974981,76.87214049074719
intercept,58,Change,957.7826910754833,5.480430508551232,-4.258430403418518,-0.8088353741974972,25.562827037689242
intercept,59,Control,1276.532195378289,13.499287122562471,-0.7169865092972021,-0.7169865092972021,220.92419731803778
intercept,59,Change,1276.532195378289,10.04969209334145,-4.166581538518223,-0.7169865092972021,102.8612646049095
intercept,60,Control,1058.6130696765515,10.73645509586783,-0.41875066873849676,-0.41875066873849676,121.53351871212722
intercept,60,Change,1058.6130696765515,7.28686006664681,-3.8683456979595174,-0.41875066873849676,47.589623358851206
intercept,61,Control,901.8697661953355,9.475524365085604,0.5220615092232617,0.5220615092232617,88.87347981343694
intercept,61,Change,901.8697661953355,6.025929335864585,-2.927533519997758,0.5220615092232626,31.22791359483784
intercept,62,Control,696.2516358663487,7.3598208963102065,1.2946362016600048,1.2946362016600048,48.68818871820922
intercept,62,Change,696.2516358663487,3.9102258670891867,-2.154958827561015,1.2946362016600057,13.291609149855686
intercept,63,Control,893.3019463424636,7.563393266769974,-1.269719078509202,-1.269719078509202,51.847087405763006
intercept,63,Change,893.3019463424636,4.113798237548954,-4.719314107730222,-1.2697190785092012,14.578100442478918
intercept,64,Control,1119.3311959664964,12.556458140889683,0.5483565841059974,0.5483565841059974,182.30483013222832
intercept,64,Change,1119.3311959664964,9.106863111668666,-2.9012384451150197,0.548356584106001,80.62968759972664
intercept,65,Control,1010.0851482718749,10.038002133060466,-0.4355412928314255,-0.4355412928314255,102.56207485866696
intercept,65,Change,1010.0851482718749,6.588407103839449,-3.8851363220524426,-0.43554129283142284,37.934152571964106
intercept,66,Control,748.8853694909774,6.412749661948027,-0.39177092262511337,-0.39177092262511337,35.74137041342721
intercept,66,Change,748.8853694909774,2.963154632727008,-3.8413659518461323,-0.39177092262511115,8.331670917646234
intercept,67,Control,663.7797403790247,4.6067454516194335,-1.0023127991265204,-1.0023127991265204,18.05040239845081
intercept,67,Change,663.7797403790247,1.1571504223984141,-4.45190782834754,-1.0023127991265186,2.700108905967545
intercept,68,Control,968.5963267958526,7.606829185508788,-2.2839287787514113,-2.2839287787514113,52.53919662582345
intercept,68,Change,968.5963267958526,4.1572341562877675,-5.733523807972432,-2.2839287787514095,14.863460051035583
intercept,69,Control,860.1345829647486,5.496755688314172,-2.8704611099353325,-2.8704611099353325,25.72099642539566
intercept,69,Change,860.1345829647486,2.047160659093152,-6.320056139156353,-2.870461109935332,4.9333813210140205
intercept,70,Control,1206.6202736238013,11.044287929447268,-2.189946441143075,-2.189946441143075,130.62540390767677
intercept,70,Change,1206.6202736238013,7.594692900226248,-5.639541470364095,-2.1899464411430722,52.3451696940713
intercept,71,Control,892.3959040733456,8.760606641356029,-0.059778703172574055,-0.059778703172574055,73.38887183682104
intercept,71,Change,892.3959040733456,5.311011612135008,-3.5093737323935947,-0.05977870317257317,23.961342382022487
intercept,72,Control,438.6947656809045,3.6295084795563817,1.1821753928190786,1.1821753928190786,11.650894720654257
intercept,72,Change,438.6947656809045,0.17991345033536232,-2.2674196364019408,1.1821753928190806,1.1915155289974737
intercept,73,Control,730.510369041468,6.214127449922994,-0.33228305250093904,-0.33228305250093904,33.37058291376384
intercept,73,Change,730.510369041468,2.7645324207019746,-3.781878081721959,-0.33228305250093815,7.487388691956375
intercept,74,Control,1240.3770637317007,13.860688064767647,0.15227858371758884,0.15227858371758884,237.13503649542193
intercept,74,Change,1240.3770637317007,10.411093035546628,-3.29731644550343,0.15227858371758884,112.4155127873121
intercept,75,Control,751.9934479873783,6.7891221224742555,-0.05905704040676518,-0.05905704040676518,40.55307244217915
intercept,75,Change,751.9934479873783,3.339527093253237,-3.5086520696277836,-0.059057040406762074,10.110616840882656
intercept,76,Control,753.9838303944275,4.4956494219118754,-2.3804882581949505,-2.3804882581949505,17.222200352651566
intercept,76,Change,753.9838303944275,1.0460543926908557,-5.83008328741597,-2.38048825819495,2.4837936087983317
intercept,77,Control,1284.7973801791843,12.764991518998217,-1.5673815673240217,-1.5673815673240217,190.40271582471448
intercept,77,Change,1284.7973801791843,9.315396489777196,-5.016976596545042,-1.5673815673240217,85.2237361677288
intercept,78,Control,673.7586137587,5.6510098235841895,-0.09821973408836104,-0.09821973408836104,27.249505189832647
intercept,78,Change,673.7586137587,2.2014147943631697,-3.547814763309381,-0.09821973408835971,5.420804221071044
intercept,79,Control,939.4413122174624,9.846536225971949,0.36531312014983897,0.36531312014983897,97.74800206703023
intercept,79,Change,939.4413122174624,6.396941196750928,-3.0842819090711817,0.36531312014983985,35.548490271837714
intercept,80,Control,1198.1104394959448,12.44731896896113,-0.6673794053252884,-0.6673794053252884,178.16430002289988
intercept,80,Change,1198.1104394959448,8.997723939740109,-4.116974434546309,-0.6673794053252884,78.29581792444085
intercept,81,Control,1066.0139808783226,11.432647510676462,0.17348257591843286,0.17348257591843286,142.76174616517798
intercept,81,Change,1066.0139808783226,7.983052481455441,-3.2761124533025887,0.17348257591843286,58.80713222315096
intercept,82,Control,938.0860485479587,10.693968817205722,1.231782838377466,1.231782838377466,120.31451423807285
intercept,82,Change,938.0860485479587,7.244373787984701,-2.2178121908435546,1.2317828383774652,46.957969454301534
intercept,83,Control,1082.0802263225019,13.391441111082903,1.9065967297952735,1.9065967297952735,216.24118562799816
intercept,83,Change,1082.0802263225019,9.941846081861884,-1.5429982994257454,1.906596729795277,100.12415106479098
intercept,84,Control,714.6234609382859,9.192358942543905,2.8691087696599213,2.8691087696599213,82.49164719956347
intercept,84,Change,714.6234609382859,5.742763913322884,-0.5804862595610993,2.8691087696599213,28.18824153452844
intercept,85,Control,1085.3361678289762,11.673724956476102,0.14314499373810463,0.14314499373810463,150.6801626882301
intercept,85,Change,1085.3361678289762,8.224129927255083,-3.3064500354829143,0.1431449937381064,63.087878150149685
intercept,86,Control,1152.9553740589784,14.003331787482137,1.5229178956050493,1.5229178956050493,243.75641287139473
intercept,86,Change,1152.9553740589784,10.553736758261119,-1.9266771336159696,1.522917895605051,116.35175563208996
intercept,87,Control,951.6269166199171,11.0764941048318,1.4241021676402585,1.4241021676402585,131.60330092109675
intercept,87,Change,951.6269166199171,7.6268990756107815,-2.0254928615807604,1.4241021676402594,52.86116459120453
intercept,88,Control,671.5002332598601,4.828202582193576,-0.8893039408221073,-0.8893039408221073,19.78383597907207
intercept,88,Change,671.5002332598601,1.378607552972556,-4.338898970043127,-0.8893039408221066,3.170080521419771
intercept,89,Control,961.9426289492287,11.77174539799145,1.974450642208831,1.974450642208831,153.98585423237668
intercept,89,Change,961.9426289492287,8.32215036877043,-1.4751443870121896,1.974450642208831,64.8891154239692
intercept,90,Control,1054.705568673211,8.752939034509602,-2.34737881824379,-2.34737881824379,73.23389038635142
intercept,90,Change,1054.705568673211,5.303344005288581,-5.796973847464811,-2.34737881824379,23.890569292313096
intercept,91,Control,748.8199969729008,6.219126349493017,-0.5844759599455225,-0.5844759599455225,33.428859531130975
intercept,91,Change,748.8199969729008,2.769531320271997,-4.034070989166542,-0.5844759599455216,7.507868269451833
intercept,92,Control,766.243660639025,6.561324657322534,-0.4870244902214482,-0.4870244902214482,37.5900993634741
intercept,92,Change,766.243660639025,3.1117296281015143,-3.936619519442468,-0.4870244902214469,9.005228353629944
intercept,93,Control,1047.6030925533257,12.640246035220041,1.639695292666385,1.639695292666385,185.52893960977642
intercept,93,Change,1047.6030925533257,9.190651005999019,-1.8098997365546374,1.6396952926663824,82.45415942796755
intercept,94,Control,1046.2711109009188,8.643169951544055,-2.3386707020129425,-2.3386707020129425,71.04022182477664
intercept,94,Change,1046.2711109009188,5.193574922323034,-5.788265731233963,-2.3386707020129425,22.89335713417659
intercept,95,Control,1164.924797332022,12.543358153336468,-0.10518791534099847,-0.10518791534099847,181.80432119200074
intercept,95,Change,1164.924797332022,9.093763124115448,-3.554782944562019,-0.10518791534099847,80.34701498285347
intercept,96,Control,964.0267559521158,11.805090373504434,1.9785202882652158,1.9785202882652158,155.12187205480868
intercept,96,Change,964.0267559521158,8.355495344283415,-1.4710747409558032,1.9785202882652166,65.50998398293595
intercept,97,Control,850.8954731783806,9.501260811445471,1.2638240038140705,1.2638240038140705,89.47011227114562
intercept,97,Change,850.8954731783806,6.051665782224451,-2.1857710254069493,1.2638240038140722,31.51507191552929
intercept,98,Control,1371.028921230717,17.34718570960266,1.8035348219099099,1.8035348219099099,438.8091055850177
intercept,98,Change,1371.028921230717,13.897590680381638,-1.6460602073111108,1.803534821909908,238.83578965604207
intercept,99,Control,1100.2776907509979,12.950055625306303,1.209594976065235,1.209594976065235,197.7972148774157
intercept,99,Change,1100.2776907509979,9.500460596085285,-2.240000053155784,1.209594976065235,89.4515192535484
intercept,100,Control,670.0718656957464,7.019538278607347,1.322095758872952,1.322095758872952,43.712630644529725
intercept,100,Change,670.0718656957464,3.569943249386327,-2.1274992703480677,1.3220957588729538,11.32196380513633
slope,1,Control,809.8010453182804,10.324437544459652,2.6642462275149192,2.6642462275149192,110.07032737944462
slope,1,Change,809.8010453182804,14.006860522141016,6.346669205196283,2.74142816214078,243.92183414688668
slope,2,Control,1371.7876250313125,15.945760243092638,0.3914519896579556,0.3914519896579556,347.2904866055644
slope,2,Change,1371.7876250313125,21.936284526631862,6.38197627319718,0.2697324404234358,855.8541552661428
slope,3,Control,1170.28335033555,15.164175642944643,2.440359015240963,2.440359015240963,302.539212107289
slope,3,Change,1170.28335033555,20.750865085281433,8.027048457577752,2.8137082588736995,729.1969398168561
slope,4,Control,1146.8357721478833,15.59896394533506,3.2045109194907866,3.2045109194907866,326.9002352805401
slope,4,Change,1146.8357721478833,20.995178671923462,8.600725646079189,3.491984286654599,754.1469974535677
slope,5,Control,942.0533103740995,9.402566803376889,-0.11534653603926515,-0.11534653603926515,87.19729232107784
slope,5,Change,942.0533103740995,13.84720256176371,4.3292892223475565,0.13407537671950287,236.51564288483164
slope,6,Control,1071.5142298988376,14.303425439792257,2.9669995694262443,2.9669995694262443,258.10718761074696
slope,6,Change,1071.5142298988376,19.120888631777124,7.7844627614111115,3.0117282095524054,577.2946780261971
slope,7,Control,1053.9464967965414,10.516727754186098,-0.5729275625318415,-0.5729275625318415,115.32137505229815
slope,7,Change,1053.9464967965414,15.335600606488228,4.2459452897702885,-0.44842020936304294,311.98657917636365
slope,8,Control,1124.9538944646547,10.554678730567872,-1.5324037859849113,-1.5324037859849113,116.37806519067126
slope,8,Change,1124.9538944646547,15.68971475111215,3.6026322345593673,-1.4084948216479791,332.15276186523744
slope,9,Control,632.9819079262686,6.559975296534782,1.383528249594848,1.383528249594848,37.573014543029736
slope,9,Change,632.9819079262686,9.574036099155448,4.397589052215514,1.581132095327634,91.17238536789556
slope,10,Control,1137.9147606728775,10.595255178656792,-1.6738861221078096,-1.6738861221078096,117.51533516124422
slope,10,Change,1137.9147606728775,15.402822979581467,3.133681678816865,-1.9352633554599432,315.7469657029809
slope,11,Control,967.1450540211221,10.827754833476902,0.9573826175673457,0.9573826175673457,124.18227298856453
slope,11,Change,967.1450540211221,15.258397093068083,5.388024877158527,1.0808776267254974,307.70665880210765
slope,12,Control,798.0058237906436,8.576855051653226,1.0823489332385474,1.0823489332385474,69.73748566752941
slope,12,Change,798.0058237906436,12.17468416784444,4.680178049429761,1.1275550836427222,168.10931965706766
slope,13,Control,727.6193823774857,6.538416741564018,0.032615370409665445,0.032615370409665445,37.300789271306655
slope,13,Change,727.6193823774857,9.645434821621487,3.1396334504671346,-0.09899802272725644,92.8643658699039
slope,14,Control,1355.933268848169,15.887266993614102,0.5556618191860494,0.5556618191860494,343.7906090437535
slope,14,Change,1355.933268848169,21.684482817421877,6.352877642993825,0.3113595474798885,827.7556834411324
slope,15,Control,853.345696030419,11.16266910621704,2.8908144914480953,2.8908144914480953,134.2450745693992
slope,15,Change,853.345696030419,15.298274704172023,7.026420089403079,3.2269278582349727,309.9121808972102
slope,16,Control,747.4769313431825,6.798688011458748,0.013951485505269368,0.013951485505269368,40.68095777147423
slope,16,Change,747.4769313431825,10.108792576229561,3.3240560502760825,-0.0031592653997254416,104.38322545813536
slope,17,Control,893.1741832056745,7.299230851395533,-1.5320868297788497,-1.5320868297788497,47.7746549730758
slope,17,Change,893.1741832056745,11.081290260656917,2.2499725794825345,-1.7271931621626582,131.74936676312586
slope,18,Control,762.8375530401396,6.011611659909863,-0.9888925520885072,-0.9888925520885072,31.068957444945248
slope,18,Change,762.8375530401396,9.314603018242185,2.3140988062438144,-1.0816397141422271,85.20591681332849
slope,19,Control,1360.14623225907,14.349381457190754,-1.0414024005286127,-1.0414024005286127,260.3558394671747
slope,19,Change,1360.14623225907,20.207155817939,4.816371960219634,-1.2439400200691004,675.7547782937959
slope,20,Control,952.0933294457475,11.143892411925128,1.484948863857639,1.484948863857639,133.66632381464046
slope,20,Change,952.0933294457475,15.731679687736603,6.072736139669114,1.8327341145185194,334.60148941999535
slope,21,Control,848.3012575373444,7.997570137985625,-0.20342622361365148,-0.20342622361365148,59.058985387642444
slope,21,Change,848.3012575373444,11.852661130028725,3.6516647684294483,-0.12532439623988267,156.75267941482852
slope,22,Control,831.3479116148408,4.920885289054461,-3.0419706969412763,-3.0419706969412763,20.542694486901514
slope,22,Change,831.3479116148408,8.544215364272937,0.5813593782771989,-3.120001493729914,69.10247163613069
slope,23,Control,842.439508990709,6.850923890482157,-1.2677336214900166,-1.2677336214900166,41.38427788632542
slope,23,Change,842.439508990709,10.474138150914287,2.3554806389421135,-1.3953594672095821,114.14354741070522
slope,24,Control,1070.6463019605076,10.396974977966325,-0.9272592762918386,-0.9272592762918386,112.03106904497899
slope,24,Change,1070.6463019605076,15.035297313511217,3.7110630592530534,-1.0577996959449951,295.56984294440844
slope,25,Control,1079.2353915984058,8.526522165795216,-2.918361371608084,-2.918361371608084,68.75994295911518
slope,25,Change,1079.2353915984058,13.419661470457784,1.9747779330544848,-2.83240045540005,217.45982208057563
slope,26,Control,1045.9616782980786,8.934450466965538,-2.0430436465868365,-2.0430436465868365,76.96463744236321
slope,26,Change,1045.9616782980786,13.733952674924684,2.756458561372309,-1.9022869372598326,231.35864751057662
slope,27,Control,895.2244506702026,9.745094867137217,0.8849774749015307,0.8849774749015307,95.26265706415421
slope,27,Change,895.2244506702026,13.854091459113613,4.993974066877927,1.0076621526393144,236.8319105364023
slope,28,Control,1008.3409440623815,10.845982351207297,0.39693942494991497,0.39693942494991497,124.71587973018744
slope,28,Change,1008.3409440623815,15.310810892221314,4.8617679659639315,0.37084726793166567,310.6078030975304
slope,29,Control,1010.4300478390683,12.198305666078285,1.7199175025840123,1.7199175025840123,168.96437315913488
slope,29,Change,1010.4300478390683,16.748356816267332,6.269968652773059,1.7697285346954974,397.86742993197356
slope,30,Control,1178.5242226084245,11.138839361391064,-1.7007352073900837,-1.7007352073900837,133.51087329146927
slope,30,Change,1178.5242226084245,16.45480953850121,3.6152349697200616,-1.6348674765600073,378.8095973288512
slope,31,Control,1278.3618610328856,15.271294818240971,1.029320226334459,1.029320226334459,308.4187906525246
slope,31,Change,1278.3618610328856,21.194809572665367,6.952834980758855,1.2573602656662075,774.9727081319464
slope,32,Control,1063.8895408434803,10.768224380904321,-0.4610989550237665,-0.4610989550237665,122.45066454764998
slope,32,Change,1063.8895408434803,15.867343090204063,4.638019754275975,-0.1007013221323465,342.6041440150697
slope,33,Control,809.8671839909055,8.763791315202337,1.102670961098065,1.102670961098065,73.45330946207446
slope,33,Change,809.8671839909055,12.557027027350372,4.895906673246101,1.2903705878484573,182.32658730500452
slope,34,Control,879.2042182161018,10.089985855966978,1.454901574676752,1.454901574676752,103.89721508341626
slope,34,Change,879.2042182161018,13.912996181013837,5.277911899723611,1.3630656910804522,239.54831176491817
slope,35,Control,941.259563409099,5.460701571693047,-4.046062157419428,-4.046062157419428,25.37258986186528
slope,35,Change,941.259563409099,9.566106320680152,0.059342591567677516,-4.132330376168589,90.98581010229643
slope,36,Control,866.2033510611727,9.89132663781465,1.4388630263083684,1.4388630263083684,98.85968683110688
slope,36,Change,866.2033510611727,13.723117755570133,5.270654144063851,1.413804356336664,230.86942772372115
slope,37,Control,876.9889026282465,7.628248928816922,-0.9757172423029692,-0.9757172423029692,52.882868834651475
slope,37,Change,876.9889026282465,11.449632053875437,2.8456658827555454,-1.059297879296638,143.30985257121998
slope,38,Control,896.5453224706046,7.2259857909794665,-1.652685632307655,-1.652685632307655,46.68641937448484
slope,38,Change,896.5453224706046,11.13214085973261,2.2534694364454886,-1.7387348414331214,133.30499773672415
slope,39,Control,800.6796359321816,8.425671657618896,0.8936070165037542,0.8936070165037542,66.83020060060406
slope,39,Change,800.6796359321816,11.923476345100564,4.391411703985423,0.8268609542619032,159.20252245243628
slope,40,Control,924.8657634387625,8.978202276914553,-0.2982809105071489,-0.2982809105071489,77.88340573628098
slope,40,Change,924.8657634387625,12.941288038267436,3.6648048508457336,-0.4537359394625504,197.4424330452066
slope,41,Control,938.9006026059986,7.733173905771728,-1.7404539565772046,-1.7404539565772046,54.58911964901054
slope,41,Change,938.9006026059986,11.857975455783059,2.3843475934341267,-1.7968021313499172,156.93560563293815
slope,42,Control,1073.8236487469107,12.434068916067151,1.065203085210742,1.065203085210742,177.6661425876431
slope,42,Change,1073.8236487469107,17.193556879702363,5.8246910488459545,1.0416542589912723,428.0370682638425
slope,43,Control,882.7232287515387,6.913388425446095,-1.7711267171320726,-1.7711267171320726,42.23644211572843
slope,43,Change,882.7232287515387,10.958237314533989,2.2737221719558214,-1.6568222215690724,128.03755848076628
slope,44,Control,897.284803494087,8.793565405330673,-0.09549336506118955,-0.09549336506118955,74.05766581250913
slope,44,Change,897.284803494087,12.750694429894715,3.861635659502852,-0.13386741777015132,189.83963753811892
slope,45,Control,753.8250363760699,5.805840382873964,-1.0680667483283477,-1.0680667483283477,28.846555143183835
slope,45,Change,753.8250363760699,9.106098791311574,2.2321916601092617,-1.1233423336299992,80.61317593808066
slope,46,Control,543.4499971787914,3.983378116412049,0.0645685264890945,0.0645685264890945,13.744341663134026
slope,46,Change,543.4499971787914,6.207657611172288,2.2888480212493336,-0.12821016329178736,33.29526388176542
slope,47,Control,966.9172341114601,9.125432839798158,-0.7417392338442106,-0.7417392338442106,81.03157852442895
slope,47,Change,966.9172341114601,13.003823491022581,3.1366514173802127,-1.1694795362768904,199.9827067771331
slope,48,Control,938.2430471806242,12.047771869531449,2.583380561234714,2.583380561234714,163.56711406877412
slope,48,Change,938.2430471806242,16.151575642582102,6.687184334285368,2.508967941622263,359.80355784431936
slope,49,Control,957.7884287968509,8.315208973145507,-1.4237325354880426,-1.4237325354880426,64.76038970675506
slope,49,Change,957.7884287968509,12.554056571114474,2.815115062480924,-1.4502926048617493,182.21300166155345
slope,50,Control,954.8046999213757,9.0986156041224735,-0.598414041309983,-0.598414041309983,80.45164117311337
slope,50,Change,954.8046999213757,13.353007169229372,3.655977523796915,-0.5961198317258578,214.58919685655408
slope,51,Control,765.2011856375132,7.112926906030531,0.07922120347682782,0.07922120347682782,45.040892259170725
slope,51,Change,765.2011856375132,10.527221602610537,3.493515900056833,0.08723329600510965,115.61288643102237
slope,52,Control,515.4921352307244,1.9070905195819043,-1.6190003836688849,-1.6190003836688849,4.518131826364255
slope,52,Change,515.4921352307244,4.031338769955152,0.5052478667043627,-1.7870912579365132,14.046956393708633
slope,53,Control,961.1526203717035,8.015904244159154,-1.7702934137265753,-1.7702934137265753,59.378124167000045
slope,53,Change,961.1526203717035,11.84730685934942,2.0611092014636903,-2.2193060087060896,156.5685292333449
slope,54,Control,741.8484175028,7.59377617154075,0.8881022923453497,0.8881022923453497,52.3305340464333
slope,54,Change,741.8484175028,10.813930672770306,4.108256793574906,0.806150084419583,123.77864078550023
slope,55,Control,792.6443773960509,8.594095844593898,1.174900928110855,1.174900928110855,70.0745532116858
slope,55,Change,792.6443773960509,11.90977418699011,4.490579270507066,0.9618735325567354,158.72642173938544
slope,56,Control,1078.8899715887035,11.767814029213307,0.3277825399677887,0.3277825399677887,153.85230281966457
slope,56,Change,1078.8899715887035,16.37718276346763,4.937151274222112,0.13151379254223983,373.8787960050142
slope,57,Control,1157.7386870975197,14.973278812114396,2.4256746458906076,2.4256746458906076,292.25645838625144
slope,57,Change,1157.7386870975197,20.209446201692078,7.66184203546829,2.504463147708492,675.9739628441298
slope,58,Control,957.7826910754833,8.930025537772252,-0.8088353741974981,-0.8088353741974981,76.87214049074719
slope,58,Change,957.7826910754833,13.410478434984054,3.6716175230143033,-0.5937645485508298,217.06274590590394
slope,59,Control,1276.532195378289,13.499287122562471,-0.7169865092972021,-0.7169865092972021,220.92419731803778
slope,59,Change,1276.532195378289,19.23637507450176,5.020101442642085,-0.6672111969386023,587.2513309066197
slope,60,Control,1058.6130696765515,10.73645509586783,-0.41875066873849676,-0.41875066873849676,121.53351871212722
slope,60,Change,1058.6130696765515,15.772321550934269,4.6171157863279415,-0.09806713380961263,336.98503196160993
slope,61,Control,901.8697661953355,9.475524365085604,0.5220615092232617,0.5220615092232617,88.87347981343694
slope,61,Change,901.8697661953355,13.664518208612705,4.711055352750362,0.6950989146717426,228.23607414338554
slope,62,Control,696.2516358663487,7.3598208963102065,1.2946362016600048,1.2946362016600048,48.68818871820922
slope,62,Change,696.2516358663487,10.4534521818129,4.388267487162698,1.2895664515434433,113.57452079515579
slope,63,Control,893.3019463424636,7.563393266769974,-1.269719078509202,-1.269719078509202,51.847087405763006
slope,63,Change,893.3019463424636,11.29982858444175,2.466716239162574,-1.5110194494384999,138.52604750469982
slope,64,Control,1119.3311959664964,12.556458140889683,0.5483565841059974,0.5483565841059974,182.30483013222832
slope,64,Change,1119.3311959664964,17.435505415989994,5.427403859206308,0.44135946747793753,445.0869872371904
slope,65,Control,1010.0851482718749,10.038002133060466,-0.4355412928314255,-0.4355412928314255,102.56207485866696
slope,65,Change,1010.0851482718749,14.674907646832816,4.201364220940924,-0.2973373120380973,276.67833984084047
slope,66,Control,748.8853694909774,6.412749661948027,-0.39177092262511337,-0.39177092262511337,35.74137041342721
slope,66,Change,748.8853694909774,9.836089892940816,3.0315693083676756,-0.301929001410004,97.48999134473374
slope,67,Control,663.7797403790247,4.6067454516194335,-1.0023127991265204,-1.0023127991265204,18.05040239845081
slope,67,Change,663.7797403790247,7.392551980807465,1.7834937300615108,-1.170351297402295,49.186736944015074
slope,68,Control,968.5963267958526,7.606829185508788,-2.2839287787514113,-2.2839287787514113,52.53919662582345
slope,68,Change,968.5963267958526,11.612511094944107,1.7217531306839078,-2.591868197647475,148.64114437784295
slope,69,Control,860.1345829647486,5.496755688314172,-2.8704611099353325,-2.8704611099353325,25.72099642539566
slope,69,Change,860.1345829647486,9.280271608879707,0.9130548106302019,-2.9167224114929127,84.43741548238701
slope,70,Control,1206.6202736238013,11.044287929447268,-2.189946441143075,-2.189946441143075,130.62540390767677
slope,70,Change,1206.6202736238013,16.321669757392804,3.0874353868024613,-2.2880025760509497,370.3803211277068
slope,71,Control,892.3959040733456,8.760606641356029,-0.059778703172574055,-0.059778703172574055,73.38887183682104
slope,71,Change,892.3959040733456,12.958993941792263,4.13860859726366,0.1649147320410762,198.15936443048528
slope,72,Control,438.6947656809045,3.6295084795563817,1.1821753928190786,1.1821753928190786,11.650894720654257
slope,72,Change,438.6947656809045,5.579453396951571,3.132120310214268,1.1823716079331952,26.532768298155645
slope,73,Control,730.510369041468,6.214127449922994,-0.33228305250093904,-0.33228305250093904,33.37058291376384
slope,73,Change,730.510369041468,8.982369687774773,2.435959185350839,-0.8155688798499714,77.97131796160085
slope,74,Control,1240.3770637317007,13.860688064767647,0.15227858371758884,0.15227858371758884,237.13503649542193
slope,74,Change,1240.3770637317007,19.071584856947336,5.363175375897278,-0.16285046579062978,573.0801826088865
slope,75,Control,751.9934479873783,6.7891221224742555,-0.05905704040676518,-0.05905704040676518,40.55307244217915
slope,75,Change,751.9934479873783,10.348769870711102,3.5005907078300815,0.1532273668534021,110.7253484499651
slope,76,Control,753.9838303944275,4.4956494219118754,-2.3804882581949505,-2.3804882581949505,17.222200352651566
slope,76,Change,753.9838303944275,7.711797156331794,0.8356594762249685,-2.5205828921648337,54.23841870142123
slope,77,Control,1284.7973801791843,12.764991518998217,-1.5673815673240217,-1.5673815673240217,190.40271582471448
slope,77,Change,1284.7973801791843,18.26906017726146,3.9366870909392198,-1.7874962535682002,507.47006113383503
slope,78,Control,673.7586137587,5.6510098235841895,-0.09821973408836104,-0.09821973408836104,27.249505189832647
slope,78,Change,673.7586137587,8.925204227687672,3.1759746700151217,0.17761423185615932,76.77144636481546
slope,79,Control,939.4413122174624,9.846536225971949,0.36531312014983897,0.36531312014983897,97.74800206703023
slope,79,Change,939.4413122174624,13.826743074450176,4.345519968628066,0.1619581568773576,235.57809560474394
slope,80,Control,1198.1104394959448,12.44731896896113,-0.6673794053252884,-0.6673794053252884,178.16430002289988
slope,80,Change,1198.1104394959448,17.728817621616802,4.614119247330384,-0.7233566383690295,466.3871605992675
slope,81,Control,1066.0139808783226,11.432647510676462,0.17348257591843286,0.17348257591843286,142.76174616517798
slope,81,Change,1066.0139808783226,16.404218964877117,5.145054030119088,0.39685589983404057,375.59098663432286
slope,82,Control,938.0860485479587,10.693968817205722,1.231782838377466,1.231782838377466,120.31451423807285
slope,82,Change,938.0860485479587,15.030343961718412,5.568157982890156,1.3906419557238117,295.3042450545471
slope,83,Control,1082.0802263225019,13.391441111082903,1.9065967297952735,1.9065967297952735,216.24118562799816
slope,83,Change,1082.0802263225019,18.23280372253734,6.747959341249711,1.9280902430041387,504.63656873566106
slope,84,Control,714.6234609382859,9.192358942543905,2.8691087696599213,2.8691087696599213,82.49164719956347
slope,84,Change,714.6234609382859,12.506920181713761,6.183670008829778,3.0030128938837137,180.41720158815073
slope,85,Control,1085.3361678289762,11.673724956476102,0.14314499373810463,0.14314499373810463,150.6801626882301
slope,85,Change,1085.3361678289762,16.311529945441794,4.780949982703797,-0.05344375853958283,369.7437865130994
slope,86,Control,1152.9553740589784,14.003331787482137,1.5229178956050493,1.5229178956050493,243.75641287139473
slope,86,Change,1152.9553740589784,19.22428946062631,6.743875568749221,1.6078348758229062,586.203782293072
slope,87,Control,951.6269166199171,11.0764941048318,1.4241021676402585,1.4241021676402585,131.60330092109675
slope,87,Change,951.6269166199171,15.526318712435197,5.873926775243655,1.6360054016561527,322.7377512977769
slope,88,Control,671.5002332598601,4.828202582193576,-0.8893039408221073,-0.8893039408221073,19.78383597907207
slope,88,Change,671.5002332598601,7.867389845880294,2.1498833228646106,-0.8384025576176759,56.827392485461345
slope,89,Control,961.9426289492287,11.77174539799145,1.974450642208831,1.974450642208831,153.98585423237668
slope,89,Change,961.9426289492287,15.80189761238495,6.004602856602331,1.720663445358623,338.7270471940632
slope,90,Control,1054.705568673211,8.752939034509602,-2.34737881824379,-2.34737881824379,73.23389038635142
slope,90,Change,1054.705568673211,13.40718713321691,2.306869280463518,-2.3908824121859986,216.92055303968036
slope,91,Control,748.8199969729008,6.219126349493017,-0.5844759599455225,-0.5844759599455225,33.428859531130975
slope,91,Change,748.8199969729008,9.64587645287962,2.84227414344108,-0.49093254178344203,92.87489933871319
slope,92,Control,766.243660639025,6.561324657322534,-0.4870244902214482,-0.4870244902214482,37.5900993634741
slope,92,Change,766.243660639025,9.803649292415166,2.7553001448711836,-0.6556329042825144,96.6917901573449
slope,93,Control,1047.6030925533257,12.640246035220041,1.639695292666385,1.639695292666385,185.52893960977642
slope,93,Change,1047.6030925533257,17.094788603068068,6.094237860514411,1.4281700693835973,421.21030470742295
slope,94,Control,1046.2711109009188,8.643169951544055,-2.3386707020129425,-2.3386707020129425,71.04022182477664
slope,94,Change,1046.2711109009188,13.350458097631556,2.368617444074559,-2.291508422748839,214.47994467231143
slope,95,Control,1164.924797332022,12.543358153336468,-0.10518791534099847,-0.10518791534099847,181.80432119200074
slope,95,Change,1164.924797332022,17.83238618896738,5.183840120289913,-0.005595757895388687,474.0756381331346
slope,96,Control,964.0267559521158,11.805090373504434,1.9785202882652158,1.9785202882652158,155.12187205480868
slope,96,Change,964.0267559521158,16.324598493369788,6.498028408130569,2.2047917780581976,370.56431749633697
slope,97,Control,850.8954731783806,9.501260811445471,1.2638240038140705,1.2638240038140705,89.47011227114562
slope,97,Change,850.8954731783806,13.353321825900977,5.1158850182695765,1.3273231469129634,214.60268561560412
slope,98,Control,1371.028921230717,17.34718570960266,1.8035348219099099,1.8035348219099099,438.8091055850177
slope,98,Change,1371.028921230717,23.370533473340473,7.8268825856477235,1.718023304415457,1028.7693722885524
slope,99,Control,1100.2776907509979,12.950055625306303,1.209594976065235,1.209594976065235,197.7972148774157
slope,99,Change,1100.2776907509979,18.23234281453959,6.49188216529852,1.5908348045554064,504.60061959456687
slope,100,Control,670.0718656957464,7.019538278607347,1.322095758872952,1.322095758872952,43.712630644529725
slope,100,Change,670.0718656957464,10.230007797714551,4.532565277980156,1.5506512960400105,107.55397484061348
autocorrelation,1,Control,809.8010453182804,10.324437544459652,2.6642462275149192,2.6642462275149192,110.07032737944462
autocorrelation,1,Change,809.8010453182804,11.670041897288456,4.009850580343723,4.162012629515419,150.55693065880544
autocorrelation,2,Control,1371.7876250313125,15.945760243092638,0.3914519896579556,0.3914519896579556,347.2904866055644
autocorrelation,2,Change,1371.7876250313125,17.116180514912262,1.5618722614775802,1.35051626593164,422.68237787266673
autocorrelation,3,Control,1170.28335033555,15.164175642944643,2.440359015240963,2.440359015240963,302.539212107289
autocorrelation,3,Change,1170.28335033555,18.651545988528177,5.927729360824497,5.846715338884177,538.0440122279323
autocorrelation,4,Control,1146.8357721478833,15.59896394533506,3.2045109194907866,3.2045109194907866,326.9002352805401
autocorrelation,4,Change,1146.8357721478833,20.244468543506496,7.850015517662223,7.784168437573964,679.3317235235064
autocorrelation,5,Control,942.0533103740995,9.402566803376889,-0.11534653603926515,-0.11534653603926515,87.19729232107784
autocorrelation,5,Change,942.0533103740995,14.983811864402703,5.4658985249865495,5.53251389646519,292.81735216742254
autocorrelation,6,Control,1071.5142298988376,14.303425439792257,2.9669995694262443,2.9669995694262443,258.10718761074696
autocorrelation,6,Change,1071.5142298988376,17.810195390662045,6.473769520296033,6.456643781164843,472.420878264693
autocorrelation,7,Control,1053.9464967965414,10.516727754186098,-0.5729275625318415,-0.5729275625318415,115.32137505229815
autocorrelation,7,Change,1053.9464967965414,14.802661315937613,3.713005999219673,3.7072438552667357,283.27534622427675
autocorrelation,8,Control,1124.9538944646547,10.554678730567872,-1.5324037859849113,-1.5324037859849113,116.37806519067126
autocorrelation,8,Change,1124.9538944646547,13.706736763318881,1.619654246766098,1.5679613434452282,230.13116655361813
autocorrelation,9,Control,632.9819079262686,6.559975296534782,1.383528249594848,1.383528249594848,37.573014543029736
autocorrelation,9,Change,632.9819079262686,8.996318498443529,3.8198714515035945,4.08640802386459,78.26607580205369
autocorrelation,10,Control,1137.9147606728775,10.595255178656792,-1.6738861221078096,-1.6738861221078096,117.51533516124422
autocorrelation,10,Change,1137.9147606728775,10.842590077093384,-1.4265512236712183,-1.4866277947022066,124.61645030137362
autocorrelation,11,Control,967.1450540211221,10.827754833476902,0.9573826175673457,0.9573826175673457,124.18227298856453
autocorrelation,11,Change,967.1450540211221,11.406117218238805,1.5357450023292483,1.5861299122303514,141.9085286723577
autocorrelation,12,Control,798.0058237906436,8.576855051653226,1.0823489332385474,1.0823489332385474,69.73748566752941
autocorrelation,12,Change,798.0058237906436,9.469463437484574,1.9749573190698957,2.134749044859448,88.733379257212
autocorrelation,13,Control,727.6193823774857,6.538416741564018,0.032615370409665445,0.032615370409665445,37.300789271306655
autocorrelation,13,Change,727.6193823774857,6.660877483939593,0.15507611278524003,0.3603969356756771,38.86564412183082
autocorrelation,14,Control,1355.933268848169,15.887266993614102,0.5556618191860494,0.5556618191860494,343.7906090437535
autocorrelation,14,Change,1355.933268848169,14.631254531908567,-0.700350642519485,-0.9014513316791017,274.44903621993757
autocorrelation,15,Control,853.345696030419,11.16266910621704,2.8908144914480953,2.8908144914480953,134.2450745693992
autocorrelation,15,Change,853.345696030419,13.058053986319486,4.786199371550541,4.910194793873554,202.20406907726982
autocorrelation,16,Control,747.4769313431825,6.798688011458748,0.013951485505269368,0.013951485505269368,40.68095777147423
autocorrelation,16,Change,747.4769313431825,8.686452904273587,1.901716378320108,2.09419245076013,71.89963122871089
autocorrelation,17,Control,893.1741832056745,7.299230851395533,-1.5320868297788497,-1.5320868297788497,47.7746549730758
autocorrelation,17,Change,893.1741832056745,7.295553708705695,-1.535763972468688,-1.437531396278775,47.71960291772615
autocorrelation,18,Control,762.8375530401396,6.011611659909863,-0.9888925520885072,-0.9888925520885072,31.068957444945248
autocorrelation,18,Change,762.8375530401396,5.003049703998986,-1.9974545079993842,-1.8149143724064265,21.232267958618955
autocorrelation,19,Control,1360.14623225907,14.349381457190754,-1.0414024005286127,-1.0414024005286127,260.3558394671747
autocorrelation,19,Change,1360.14623225907,12.135355639245605,-3.255428218473762,-3.459254040718193,166.69242826966578
autocorrelation,20,Control,952.0933294457475,11.143892411925128,1.484948863857639,1.484948863857639,133.66632381464046
autocorrelation,20,Change,952.0933294457475,11.755888805685123,2.0969452576176337,2.1570662958975753,153.4476904390469
autocorrelation,21,Control,848.3012575373444,7.997570137985625,-0.20342622361365148,-0.20342622361365148,59.058985387642444
autocorrelation,21,Change,848.3012575373444,9.048559646731384,0.8475632851321073,0.974821675796175,79.37693687507014
autocorrelation,22,Control,831.3479116148408,4.920885289054461,-3.0419706969412763,-3.0419706969412763,20.542694486901514
autocorrelation,22,Change,831.3479116148408,4.895188286553937,-3.0676676994418006,-2.929443126695026,20.330289560320708
autocorrelation,23,Control,842.439508990709,6.850923890482157,-1.2677336214900166,-1.2677336214900166,41.38427788632542
autocorrelation,23,Change,842.439508990709,4.800000114442851,-3.318657397529323,-3.1876073658417523,19.55687417019737
autocorrelation,24,Control,1070.6463019605076,10.396974977966325,-0.9272592762918386,-0.9272592762918386,112.03106904497899
autocorrelation,24,Change,1070.6463019605076,7.872746404967922,-3.451487849290242,-3.4680521738281183,56.918032215613
autocorrelation,25,Control,1079.2353915984058,8.526522165795216,-2.918361371608084,-2.918361371608084,68.75994295911518
autocorrelation,25,Change,1079.2353915984058,7.229626022653079,-4.2152575147502205,-4.237377646461761,46.74009005290225
autocorrelation,26,Control,1045.9616782980786,8.934450466965538,-2.0430436465868365,-2.0430436465868365,76.96463744236321
autocorrelation,26,Change,1045.9616782980786,7.62143323221287,-3.3560608813395048,-3.3566580877071557,52.77334322332923
autocorrelation,27,Control,895.2244506702026,9.745094867137217,0.8849774749015307,0.8849774749015307,95.26265706415421
autocorrelation,27,Change,895.2244506702026,8.598013439845275,-0.2621039523904116,-0.16519758085868652,70.15130318135903
autocorrelation,28,Control,1008.3409440623815,10.845982351207297,0.39693942494991497,0.39693942494991497,124.71587973018744
autocorrelation,28,Change,1008.3409440623815,10.156478910101516,-0.29256401615586647,-0.26882644969462,105.62268398255685
autocorrelation,29,Control,1010.4300478390683,12.198305666078285,1.7199175025840123,1.7199175025840123,168.96437315913488
autocorrelation,29,Change,1010.4300478390683,12.280158031310426,1.8017698678161533,1.824156108556238,171.95082890535178
autocorrelation,30,Control,1178.5242226084245,11.138839361391064,-1.7007352073900837,-1.7007352073900837,133.51087329146927
autocorrelation,30,Change,1178.5242226084245,12.303341760233831,-0.5362328085473163,-0.6225773951017111,172.80337617313197
autocorrelation,31,Control,1278.3618610328856,15.271294818240971,1.029320226334459,1.029320226334459,308.4187906525246
autocorrelation,31,Change,1278.3618610328856,16.67684202678996,2.434867434883447,2.2839434003147847,393.1640780681775
autocorrelation,32,Control,1063.8895408434803,10.768224380904321,-0.4610989550237665,-0.4610989550237665,122.45066454764998
autocorrelation,32,Change,1063.8895408434803,14.1158442774538,2.8865209415257116,2.8743271921555564,249.0696018651512
autocorrelation,33,Control,809.8671839909055,8.763791315202337,1.102670961098065,1.102670961098065,73.45330946207446
autocorrelation,33,Change,809.8671839909055,11.418719370349839,3.7575990162455675,3.9097182839670053,142.3133690488152
autocorrelation,34,Control,879.2042182161018,10.089985855966978,1.454901574676752,1.454901574676752,103.89721508341626
autocorrelation,34,Change,879.2042182161018,11.43115262903435,2.796068347744125,2.9033373218501186,142.71357537075153
autocorrelation,35,Control,941.259563409099,5.460701571693047,-4.046062157419428,-4.046062157419428,25.37258986186528
autocorrelation,35,Change,941.259563409099,6.526904575951189,-2.9798591531612857,-2.9127303506593183,37.15598923350739
autocorrelation,36,Control,866.2033510611727,9.89132663781465,1.4388630263083684,1.4388630263083684,98.85968683110688
autocorrelation,36,Change,866.2033510611727,8.778780138279664,0.3263165267733825,0.4419950429901647,73.75712023935603
autocorrelation,37,Control,876.9889026282465,7.628248928816922,-0.9757172423029692,-0.9757172423029692,52.882868834651475
autocorrelation,37,Change,876.9889026282465,7.024259088950038,-1.5797070821698531,-1.4710051429006326,43.77910780163975
autocorrelation,38,Control,896.5453224706046,7.2259857909794665,-1.652685632307655,-1.652685632307655,46.68641937448484
autocorrelation,38,Change,896.5453224706046,5.972046380050017,-2.9066250432371046,-2.8105730706386236,30.632646152070425
autocorrelation,39,Control,800.6796359321816,8.425671657618896,0.8936070165037542,0.8936070165037542,66.83020060060406
autocorrelation,39,Change,800.6796359321816,6.578176918771758,-0.9538877223433833,-0.7958255377861683,37.803931202636036
autocorrelation,40,Control,924.8657634387625,8.978202276914553,-0.2982809105071489,-0.2982809105071489,77.88340573628098
autocorrelation,40,Change,924.8657634387625,7.266077466916871,-2.0104057205048314,-1.9326726752578622,47.27990519357392
autocorrelation,41,Control,938.9006026059986,7.733173905771728,-1.7404539565772046,-1.7404539565772046,54.58911964901054
autocorrelation,41,Change,938.9006026059986,6.3473103174377075,-3.126317544911225,-3.0576628610988044,34.947675552369375
autocorrelation,42,Control,1073.8236487469107,12.434068916067151,1.065203085210742,1.065203085210742,177.6661425876431
autocorrelation,42,Change,1073.8236487469107,10.720647644854678,-0.6482181860017313,-0.6668377604919691,121.07897071007922
autocorrelation,43,Control,882.7232287515387,6.913388425446095,-1.7711267171320726,-1.7711267171320726,42.23644211572843
autocorrelation,43,Change,882.7232287515387,7.020637452731536,-1.6638776898466316,-1.558884969080773,43.72810259797392
autocorrelation,44,Control,897.284803494087,8.793565405330673,-0.09549336506118955,-0.09549336506118955,74.05766581250913
autocorrelation,44,Change,897.284803494087,7.68982897610231,-1.1992297942895522,-1.1036561510773346,53.879661221512414
autocorrelation,45,Control,753.8250363760699,5.805840382873964,-1.0680667483283477,-1.0680667483283477,28.846555143183835
autocorrelation,45,Change,753.8250363760699,4.732983657132134,-2.1409234740701777,-1.9525536397727041,19.02487442370145
autocorrelation,46,Control,543.4499971787914,3.983378116412049,0.0645685264890945,0.0645685264890945,13.744341663134026
autocorrelation,46,Change,543.4499971787914,1.6388848017256488,-2.279924788197306,-1.955474973225815,3.7923181083113167
autocorrelation,47,Control,966.9172341114601,9.125432839798158,-0.7417392338442106,-0.7417392338442106,81.03157852442895
autocorrelation,47,Change,966.9172341114601,5.1720300203262575,-4.695142053316111,-4.644609779312201,22.70110972583102
autocorrelation,48,Control,938.2430471806242,12.047771869531449,2.583380561234714,2.583380561234714,163.56711406877412
autocorrelation,48,Change,938.2430471806242,9.278406654449766,-0.18598465384696894,-0.1169046337878239,84.39580835223215
autocorrelation,49,Control,957.7884287968509,8.315208973145507,-1.4237325354880426,-1.4237325354880426,64.76038970675506
autocorrelation,49,Change,957.7884287968509,7.57366224986821,-2.1652792587653398,-2.1088420653587825,52.010134070560206
autocorrelation,50,Control,954.8046999213757,9.0986156041224735,-0.598414041309983,-0.598414041309983,80.45164117311337
autocorrelation,50,Change,954.8046999213757,8.052827025150135,-1.6442026202823214,-1.5858354176443434,60.02449325131114
autocorrelation,51,Control,765.2011856375132,7.112926906030531,0.07922120347682782,0.07922120347682782,45.040892259170725
autocorrelation,51,Change,765.2011856375132,6.209357259858681,-0.8243484426950225,-0.6433372103379158,33.31503891144062
autocorrelation,52,Control,515.4921352307244,1.9070905195819043,-1.6190003836688849,-1.6190003836688849,4.518131826364255
autocorrelation,52,Change,515.4921352307244,0.2369478914307508,-3.2891430118200384,-2.946608801817196,1.2572228603967857
autocorrelation,53,Control,961.1526203717035,8.015904244159154,-1.7702934137265753,-1.7702934137265753,59.378124167000045
autocorrelation,53,Change,961.1526203717035,3.6003499553628213,-6.185847702522908,-6.131586618631225,11.489051700970508
autocorrelation,54,Control,741.8484175028,7.59377617154075,0.8881022923453497,0.8881022923453497,52.3305340464333
autocorrelation,54,Change,741.8484175028,4.046366644383832,-2.6593072348115676,-2.463190387983361,14.142728429791731
autocorrelation,55,Control,792.6443773960509,8.594095844593898,1.174900928110855,1.174900928110855,70.0745532116858
autocorrelation,55,Change,792.6443773960509,5.424746718429263,-1.9944481980537807,-1.831188449039872,25.028445918385998
autocorrelation,56,Control,1078.8899715887035,11.767814029213307,0.3277825399677887,0.3277825399677887,153.85230281966457
autocorrelation,56,Change,1078.8899715887035,9.275002950423284,-2.1650285388222343,-2.186925237428669,84.31990872315566
autocorrelation,57,Control,1157.7386870975197,14.973278812114396,2.4256746458906076,2.4256746458906076,292.25645838625144
autocorrelation,57,Change,1157.7386870975197,14.289273537929839,1.7416693717060507,1.6687697987873769,257.4174748364606
autocorrelation,58,Control,957.7826910754833,8.930025537772252,-0.8088353741974981,-0.8088353741974981,76.87214049074719
autocorrelation,58,Change,957.7826910754833,10.799632622148216,1.0607717101784662,1.1172126149997226,123.36213918193417
autocorrelation,59,Control,1276.532195378289,13.499287122562471,-0.7169865092972021,-0.7169865092972021,220.92419731803778
autocorrelation,59,Change,1276.532195378289,14.405249839332582,0.18897620747290844,0.039235682449236364,263.1079340744876
autocorrelation,60,Control,1058.6130696765515,10.73645509586783,-0.41875066873849676,-0.41875066873849676,121.53351871212722
autocorrelation,60,Change,1058.6130696765515,12.995475318481118,1.8402695538747906,1.8314888619527174,199.64227726732736
autocorrelation,61,Control,901.8697661953355,9.475524365085604,0.5220615092232617,0.5220615092232617,88.87347981343694
autocorrelation,61,Change,901.8697661953355,11.413831668920254,2.4603688130579116,2.5529766974131967,142.15625725866676
autocorrelation,62,Control,696.2516358663487,7.3598208963102065,1.2946362016600048,1.2946362016600048,48.68818871820922
autocorrelation,62,Change,696.2516358663487,8.545957733723535,2.480773039073333,2.706383922777592,69.13626722980794
autocorrelation,63,Control,893.3019463424636,7.563393266769974,-1.269719078509202,-1.269719078509202,51.847087405763006
autocorrelation,63,Change,893.3019463424636,7.3492631556782415,-1.4838491896009343,-1.385699256319854,48.52813447495568
autocorrelation,64,Control,1119.3311959664964,12.556458140889683,0.5483565841059974,0.5483565841059974,182.30483013222832
autocorrelation,64,Change,1119.3311959664964,11.526206676702298,-0.4818948800813878,-0.5299507706374111,145.79928738095126
autocorrelation,65,Control,1010.0851482718749,10.038002133060466,-0.4355412928314255,-0.4355412928314255,102.56207485866696
autocorrelation,65,Change,1010.0851482718749,10.639268374900897,0.16572494900900558,0.18833428620871473,118.75770083374957
autocorrelation,66,Control,748.8853694909774,6.412749661948027,-0.39177092262511337,-0.39177092262511337,35.74137041342721
autocorrelation,66,Change,748.8853694909774,6.978741416919175,0.1742208323460348,0.36578586402445445,43.14108108140644
autocorrelation,67,Control,663.7797403790247,4.6067454516194335,-1.0023127991265204,-1.0023127991265204,18.05040239845081
autocorrelation,67,Change,663.7797403790247,3.5827870149453918,-2.026271235800562,-1.7796560783610524,11.392332589404148
autocorrelation,68,Control,968.5963267958526,7.606829185508788,-2.2839287787514113,-2.2839287787514113,52.53919662582345
autocorrelation,68,Change,968.5963267958526,4.775547218335081,-5.115210745925118,-5.065764584137341,19.361568006204692
autocorrelation,69,Control,860.1345829647486,5.496755688314172,-2.8704611099353325,-2.8704611099353325,25.72099642539566
autocorrelation,69,Change,860.1345829647486,2.7954385742696206,-5.571778223979884,-5.452174157239485,7.61463419205132
autocorrelation,70,Control,1206.6202736238013,11.044287929447268,-2.189946441143075,-2.189946441143075,130.62540390767677
autocorrelation,70,Change,1206.6202736238013,7.514714841494926,-5.719519529095417,-5.824037897547973,51.07905646029571
autocorrelation,71,Control,892.3959040733456,8.760606641356029,-0.059778703172574055,-0.059778703172574055,73.38887183682104
autocorrelation,71,Change,892.3959040733456,7.094408980862497,-1.7259763636661063,-1.627240361738565,44.7752979195551
autocorrelation,72,Control,438.6947656809045,3.6295084795563817,1.1821753928190786,1.1821753928190786,11.650894720654257
autocorrelation,72,Change,438.6947656809045,2.1792338914600355,-0.26809919527726755,0.12411098676118737,5.348727976065456
autocorrelation,73,Control,730.510369041468,6.214127449922994,-0.33228305250093904,-0.33228305250093904,33.37058291376384
autocorrelation,73,Change,730.510369041468,2.6851281687454547,-3.8612823336784787,-3.657831530210805,7.167303667214821
autocorrelation,74,Control,1240.3770637317007,13.860688064767647,0.15227858371758884,0.15227858371758884,237.13503649542193
autocorrelation,74,Change,1240.3770637317007,10.106812481307252,-3.6015969997428066,-3.7279507692155036,104.33198029604416
autocorrelation,75,Control,751.9934479873783,6.7891221224742555,-0.05905704040676518,-0.05905704040676518,40.55307244217915
autocorrelation,75,Change,751.9934479873783,6.195609127725113,-0.6525700351559074,-0.46301544760307056,33.15531798865927
autocorrelation,76,Control,753.9838303944275,4.4956494219118754,-2.3804882581949505,-2.3804882581949505,17.222200352651566
autocorrelation,76,Change,753.9838303944275,2.885725386707735,-3.990412293399091,-3.802145174171959,7.995022809888794
autocorrelation,77,Control,1284.7973801791843,12.764991518998217,-1.5673815673240217,-1.5673815673240217,190.40271582471448
autocorrelation,77,Change,1284.7973801791843,9.507337133189772,-4.825035953132467,-4.980122769200289,89.61138398418177
autocorrelation,78,Control,673.7586137587,5.6510098235841895,-0.09821973408836104,-0.09821973408836104,27.249505189832647
autocorrelation,78,Change,673.7586137587,4.904234132846503,-0.8449954248260472,-0.6048350488180034,20.404884027823265
autocorrelation,79,Control,939.4413122174624,9.846536225971949,0.36531312014983897,0.36531312014983897,97.74800206703023
autocorrelation,79,Change,939.4413122174624,7.6456546381131485,-1.8355684677089616,-1.767263539046958,53.16329374963746
autocorrelation,80,Control,1198.1104394959448,12.44731896896113,-0.6673794053252884,-0.6673794053252884,178.16430002289988
autocorrelation,80,Change,1198.1104394959448,11.121250263070444,-1.993448111215974,-2.0924619385020673,132.97075446362612
autocorrelation,81,Control,1066.0139808783226,11.432647510676462,0.17348257591843286,0.17348257591843286,142.76174616517798
autocorrelation,81,Change,1066.0139808783226,11.79573027544847,0.5365653406904407,0.5229974085275586,154.80239606898817
autocorrelation,82,Control,938.0860485479587,10.693968817205722,1.231782838377466,1.231782838377466,120.31451423807285
autocorrelation,82,Change,938.0860485479587,11.709066801117572,2.2468808222893166,2.316062396083069,151.86626270179215
autocorrelation,83,Control,1082.0802263225019,13.391441111082903,1.9065967297952735,1.9065967297952735,216.24118562799816
autocorrelation,83,Change,1082.0802263225019,14.50820609312432,3.0233617118366904,2.9994014138404363,268.232828410152
autocorrelation,84,Control,714.6234609382859,9.192358942543905,2.8691087696599213,2.8691087696599213,82.49164719956347
autocorrelation,84,Change,714.6234609382859,11.54086881937849,5.217618646494507,5.431345812385689,146.27938118347612
autocorrelation,85,Control,1085.3361678289762,11.673724956476102,0.14314499373810463,0.14314499373810463,150.6801626882301
autocorrelation,85,Change,1085.3361678289762,13.002310753704855,1.4717307909668573,1.4456644044395333,199.92098885247503
autocorrelation,86,Control,1152.9553740589784,14.003331787482137,1.5229178956050493,1.5229178956050493,243.75641287139473
autocorrelation,86,Change,1152.9553740589784,15.746052097465009,3.265638205587921,3.19583269339207,335.44304154982046
autocorrelation,87,Control,951.6269166199171,11.0764941048318,1.4241021676402585,1.4241021676402585,131.60330092109675
autocorrelation,87,Change,951.6269166199171,14.0936873904128,4.441295453221258,4.5017181881690504,248.01693788469598
autocorrelation,88,Control,671.5002332598601,4.828202582193576,-0.8893039408221073,-0.8893039408221073,19.78383597907207
autocorrelation,88,Change,671.5002332598601,7.4030438580696485,1.685537335053965,1.927158532534981,49.347298794718206
autocorrelation,89,Control,961.9426289492287,11.77174539799145,1.974450642208831,1.974450642208831,153.98585423237668
autocorrelation,89,Change,961.9426289492287,11.359871135133677,1.5625763793510572,1.6163264503755652,140.42979325125734
autocorrelation,90,Control,1054.705568673211,8.752939034509602,-2.34737881824379,-2.34737881824379,73.23389038635142
autocorrelation,90,Change,1054.705568673211,9.414252643563614,-1.6860652091897776,-1.692318354768675,87.46427118760938
autocorrelation,91,Control,748.8199969729008,6.219126349493017,-0.5844759599455225,-0.5844759599455225,33.428859531130975
autocorrelation,91,Change,748.8199969729008,6.2683646837094535,-0.5352376257290858,-0.3436303081833394,34.00668708589543
autocorrelation,92,Control,766.243660639025,6.561324657322534,-0.4870244902214482,-0.4870244902214482,37.5900993634741
autocorrelation,92,Change,766.243660639025,5.120006691576537,-1.928342455967445,-1.7480055430476638,22.24156333050769
autocorrelation,93,Control,1047.6030925533257,12.640246035220041,1.639695292666385,1.639695292666385,185.52893960977642
autocorrelation,93,Change,1047.6030925533257,10.384435816833001,-0.6161149257206553,-0.6177738722119646,111.69039218190105
autocorrelation,94,Control,1046.2711109009188,8.643169951544055,-2.3386707020129425,-2.3386707020129425,71.04022182477664
autocorrelation,94,Change,1046.2711109009188,8.489338348920048,-2.4925023046369486,-2.4932996658460436,68.04396514656372
autocorrelation,95,Control,1164.924797332022,12.543358153336468,-0.10518791534099847,-0.10518791534099847,181.80432119200074
autocorrelation,95,Change,1164.924797332022,12.018820996840624,-0.6297250718368428,-0.7072729421275028,162.54312594765238
autocorrelation,96,Control,964.0267559521158,11.805090373504434,1.9785202882652158,1.9785202882652158,155.12187205480868
autocorrelation,96,Change,964.0267559521158,12.727223208906015,2.900653123666796,2.9530550881699362,188.91777328963548
autocorrelation,97,Control,850.8954731783806,9.501260811445471,1.2638240038140705,1.2638240038140705,89.47011227114562
autocorrelation,97,Change,850.8954731783806,11.038331009806678,2.800894202175277,2.9264745381820827,130.44508919838324
autocorrelation,98,Control,1371.028921230717,17.34718570960266,1.8035348219099099,1.8035348219099099,438.8091055850177
autocorrelation,98,Change,1371.028921230717,18.28537746085229,2.7417265731595393,2.530861341151507,508.7489059155595
autocorrelation,99,Control,1100.2776907509979,12.950055625306303,1.209594976065235,1.209594976065235,197.7972148774157
autocorrelation,99,Change,1100.2776907509979,16.89330818678891,5.152847537547842,5.117116305997898,407.5211069330954
autocorrelation,100,Control,670.0718656957464,7.019538278607347,1.322095758872952,1.322095758872952,43.712630644529725
autocorrelation,100,Change,670.0718656957464,11.002246574832604,5.304804055098209,5.547349184578296,129.35654338131488
standard_deviation,1,Control,809.8010453182804,10.324437544459652,2.6642462275149192,2.6642462275149192,110.07032737944462
standard_deviation,1,Change,809.8010453182804,12.803098177586605,5.142906860641872,5.291153431903899,191.9092224166725
standard_deviation,2,Control,1371.7876250313125,15.945760243092638,0.3914519896579556,0.3914519896579556,347.2904866055644
standard_deviation,2,Change,1371.7876250313125,16.89480533794047,1.3404970845057864,1.2160694089524497,407.6216629881331
standard_deviation,3,Control,1170.28335033555,15.164175642944643,2.440359015240963,2.440359015240963,302.539212107289
standard_deviation,3,Change,1170.28335033555,16.599249534575414,3.8754329068717333,3.8487745167714706,388.1051837236137
standard_deviation,4,Control,1146.8357721478833,15.59896394533506,3.2045109194907866,3.2045109194907866,326.9002352805401
standard_deviation,4,Change,1146.8357721478833,18.132184777128703,5.73773175128443,5.722450057626334,496.831092916222
standard_deviation,5,Control,942.0533103740995,9.402566803376889,-0.11534653603926515,-0.11534653603926515,87.19729232107784
standard_deviation,5,Change,942.0533103740995,8.371485624129567,-1.1464277152865865,-1.0623495566975265,65.80918585760772
standard_deviation,6,Control,1071.5142298988376,14.303425439792257,2.9669995694262443,2.9669995694262443,258.10718761074696
standard_deviation,6,Change,1071.5142298988376,17.34347972866093,6.007053858294919,6.0283179569086265,438.5470428171357
standard_deviation,7,Control,1053.9464967965414,10.516727754186098,-0.5729275625318415,-0.5729275625318415,115.32137505229815
standard_deviation,7,Change,1053.9464967965414,9.456868429706999,-1.6327868870109405,-1.6029989756144278,88.44273561102264
standard_deviation,8,Control,1124.9538944646547,10.554678730567872,-1.5324037859849113,-1.5324037859849113,116.37806519067126
standard_deviation,8,Change,1124.9538944646547,8.493583064308728,-3.593499452244055,-3.598164122771051,68.12543242520881
standard_deviation,9,Control,632.9819079262686,6.559975296534782,1.383528249594848,1.383528249594848,37.573014543029736
standard_deviation,9,Change,632.9819079262686,7.170774135310217,1.9943270883702828,2.228365788575263,45.877671825738176
standard_deviation,10,Control,1137.9147606728775,10.595255178656792,-1.6738861221078096,-1.6738861221078096,117.51533516124422
standard_deviation,10,Change,1137.9147606728775,9.657591104157582,-2.61155019660702,-2.6225034415572814,93.15461415326202
standard_deviation,11,Control,967.1450540211221,10.827754833476902,0.9573826175673457,0.9573826175673457,124.18227298856453
standard_deviation,11,Change,967.1450540211221,11.38412847643232,1.5137562605227632,1.5856599783916714,141.20407847370402
standard_deviation,12,Control,798.0058237906436,8.576855051653226,1.0823489332385474,1.0823489332385474,69.73748566752941
standard_deviation,12,Change,798.0058237906436,9.444403450925108,1.9498973325104298,2.1038669108018135,88.15574928767369
standard_deviation,13,Control,727.6193823774857,6.538416741564018,0.032615370409665445,0.032615370409665445,37.300789271306655
standard_deviation,13,Change,727.6193823774857,6.819452503176643,0.3136511320222901,0.5017720060761999,40.95952704233917
standard_deviation,14,Control,1355.933268848169,15.887266993614102,0.5556618191860494,0.5556618191860494,343.7906090437535
standard_deviation,14,Change,1355.933268848169,17.410323031866998,2.0787178574389458,1.961982669192329,443.2906254044746
standard_deviation,15,Control,853.345696030419,11.16266910621704,2.8908144914480953,2.8908144914480953,134.2450745693992
standard_deviation,15,Change,853.345696030419,13.053881486559401,4.782026871790457,4.909145705728573,202.0325469072152
standard_deviation,16,Control,747.4769313431825,6.798688011458748,0.013951485505269368,0.013951485505269368,40.68095777147423
standard_deviation,16,Change,747.4769313431825,6.691698506537567,-0.0930380194159115,0.08544802988722466,39.26660778553433
standard_deviation,17,Control,893.1741832056745,7.299230851395533,-1.5320868297788497,-1.5320868297788497,47.7746549730758
standard_deviation,17,Change,893.1741832056745,6.177701455502695,-2.653616225671688,-2.545822057365009,32.94807782232071
standard_deviation,18,Control,762.8375530401396,6.011611659909863,-0.9888925520885072,-0.9888925520885072,31.068957444945248
standard_deviation,18,Change,762.8375530401396,5.07685863335751,-1.9236455786408602,-1.752612458114018,21.865389196281296
standard_deviation,19,Control,1360.14623225907,14.349381457190754,-1.0414024005286127,-1.0414024005286127,260.3558394671747
standard_deviation,19,Change,1360.14623225907,14.009593008845789,-1.3811908488735778,-1.4999701546603585,244.04998260124296
standard_deviation,20,Control,952.0933294457475,11.143892411925128,1.484948863857639,1.484948863857639,133.66632381464046
standard_deviation,20,Change,952.0933294457475,11.52411252716514,1.8651689790976516,1.9443757497618055,145.73080717403957
standard_deviation,21,Control,848.3012575373444,7.997570137985625,-0.20342622361365148,-0.20342622361365148,59.058985387642444
standard_deviation,21,Change,848.3012575373444,7.390526303123665,-0.8104700584756115,-0.6809036777163433,49.15577927451933
standard_deviation,22,Control,831.3479116148408,4.920885289054461,-3.0419706969412763,-3.0419706969412763,20.542694486901514
standard_deviation,22,Change,831.3479116148408,1.750480076725669,-6.212375909270069,-6.0745838145928985,4.0835341351849435
standard_deviation,23,Control,842.439508990709,6.850923890482157,-1.2677336214900166,-1.2677336214900166,41.38427788632542
standard_deviation,23,Change,842.439508990709,5.768213223955581,-2.350444288016593,-2.218033803985694,28.45256990361348
standard_deviation,24,Control,1070.6463019605076,10.396974977966325,-0.9272592762918386,-0.9272592762918386,112.03106904497899
standard_deviation,24,Change,1070.6463019605076,9.802816685983053,-1.52141756827511,-1.499732353561095,96.6713642964776
standard_deviation,25,Control,1079.2353915984058,8.526522165795216,-2.918361371608084,-2.918361371608084,68.75994295911518
standard_deviation,25,Change,1079.2353915984058,5.0694496208540665,-6.375433916549233,-6.357916103037289,21.801246980088404
standard_deviation,26,Control,1045.9616782980786,8.934450466965538,-2.0430436465868365,-2.0430436465868365,76.96463744236321
standard_deviation,26,Change,1045.9616782980786,6.227236202019659,-4.7502579115327155,-4.716595789525805,33.52355477290112
standard_deviation,27,Control,895.2244506702026,9.745094867137217,0.8849774749015307,0.8849774749015307,95.26265706415421
standard_deviation,27,Change,895.2244506702026,10.190938962569417,1.3308215703337307,1.4376209548558112,106.52475313705915
standard_deviation,28,Control,1008.3409440623815,10.845982351207297,0.39693942494991497,0.39693942494991497,124.71587973018744
standard_deviation,28,Change,1008.3409440623815,11.309368564626464,0.8603256383690816,0.9122412307303929,138.82731326587464
standard_deviation,29,Control,1010.4300478390683,12.198305666078285,1.7199175025840123,1.7199175025840123,168.96437315913488
standard_deviation,29,Change,1010.4300478390683,13.843263465867409,3.364875302373136,3.4157772676846356,236.33493284164484
standard_deviation,30,Control,1178.5242226084245,11.138839361391064,-1.7007352073900837,-1.7007352073900837,133.51087329146927
standard_deviation,30,Change,1178.5242226084245,9.113029255013187,-3.7265453137679607,-3.757202151021989,80.76298179104452
standard_deviation,31,Control,1278.3618610328856,15.271294818240971,1.029320226334459,1.029320226334459,308.4187906525246
standard_deviation,31,Change,1278.3618610328856,15.711821023076064,1.469846431169552,1.3907486633952253,333.44113220879046
standard_deviation,32,Control,1063.8895408434803,10.768224380904321,-0.4610989550237665,-0.4610989550237665,122.45066454764998
standard_deviation,32,Change,1063.8895408434803,9.056482545461272,-2.1728407904668163,-2.1478772149965035,79.54636844004466
standard_deviation,33,Control,809.8671839909055,8.763791315202337,1.102670961098065,1.102670961098065,73.45330946207446
standard_deviation,33,Change,809.8671839909055,9.18932146903742,1.5282011149331485,1.676415595904479,82.4249854652108
standard_deviation,34,Control,879.2042182161018,10.089985855966978,1.454901574676752,1.454901574676752,103.89721508341626
standard_deviation,34,Change,879.2042182161018,11.851622383933037,3.2165381026428115,3.331110457153713,156.71694182765364
standard_deviation,35,Control,941.259563409099,5.460701571693047,-4.046062157419428,-4.046062157419428,25.37258986186528
standard_deviation,35,Change,941.259563409099,1.284868655712172,-8.221895073400303,-8.137431791102498,2.9646989237118015
standard_deviation,36,Control,866.2033510611727,9.89132663781465,1.4388630263083684,1.4388630263083684,98.85968683110688
standard_deviation,36,Change,866.2033510611727,11.409168476605805,2.956704865099523,3.0775852023761843,142.00647537431712
standard_deviation,37,Control,876.9889026282465,7.628248928816922,-0.9757172423029692,-0.9757172423029692,52.882868834651475
standard_deviation,37,Change,876.9889026282465,6.732911896750136,-1.8710542743697554,-1.7554070552069527,39.80728303971861
standard_deviation,38,Control,896.5453224706046,7.2259857909794665,-1.652685632307655,-1.652685632307655,46.68641937448484
standard_deviation,38,Change,896.5453224706046,5.61614260447692,-3.2625288188102015,-3.1563703174271787,26.89859099961461
standard_deviation,39,Control,800.6796359321816,8.425671657618896,0.8936070165037542,0.8936070165037542,66.83020060060406
standard_deviation,39,Change,800.6796359321816,9.459462800848275,1.9273981597331336,2.080070412184118,88.50254899775013
standard_deviation,40,Control,924.8657634387625,8.978202276914553,-0.2982809105071489,-0.2982809105071489,77.88340573628098
standard_deviation,40,Change,924.8657634387625,9.075678763367113,-0.20080442405458854,-0.10838691790034005,79.95792997146873
standard_deviation,41,Control,938.9006026059986,7.733173905771728,-1.7404539565772046,-1.7404539565772046,54.58911964901054
standard_deviation,41,Change,938.9006026059986,5.951047060452197,-3.5225808018967353,-3.4369729587082034,30.402824673459264
standard_deviation,42,Control,1073.8236487469107,12.434068916067151,1.065203085210742,1.065203085210742,177.6661425876431
standard_deviation,42,Change,1073.8236487469107,13.64356150847778,2.274695677621372,2.294839252956212,227.2994461991368
standard_deviation,43,Control,882.7232287515387,6.913388425446095,-1.7711267171320726,-1.7711267171320726,42.23644211572843
standard_deviation,43,Change,882.7232287515387,4.508249855044015,-4.176265287534152,-4.063400346655396,17.314768764711733
standard_deviation,44,Control,897.284803494087,8.793565405330673,-0.09549336506118955,-0.09549336506118955,74.05766581250913
standard_deviation,44,Change,897.284803494087,8.710996697925925,-0.17806207246593786,-0.07226236511535511,72.39018279875052
standard_deviation,45,Control,753.8250363760699,5.805840382873964,-1.0680667483283477,-1.0680667483283477,28.846555143183835
standard_deviation,45,Change,753.8250363760699,4.657557863210132,-2.2163492679921797,-2.040943300707073,18.438329582871006
standard_deviation,46,Control,543.4499971787914,3.983378116412049,0.0645685264890945,0.0645685264890945,13.744341663134026
standard_deviation,46,Change,543.4499971787914,4.411253051308259,0.4924434613853048,0.7699227831465487,16.611095568130054
standard_deviation,47,Control,966.9172341114601,9.125432839798158,-0.7417392338442106,-0.7417392338442106,81.03157852442895
standard_deviation,47,Change,966.9172341114601,9.661347629043238,-0.20582444459913063,-0.13381018917555565,93.2444347296539
standard_deviation,48,Control,938.2430471806242,12.047771869531449,2.583380561234714,2.583380561234714,163.56711406877412
standard_deviation,48,Change,938.2430471806242,15.001051421548237,5.536660113251502,5.622587000411592,293.7369981516616
standard_deviation,49,Control,957.7884287968509,8.315208973145507,-1.4237325354880426,-1.4237325354880426,64.76038970675506
standard_deviation,49,Change,957.7884287968509,6.786575715218855,-2.952365793414695,-2.8759222683193117,40.51907728658601
standard_deviation,50,Control,954.8046999213757,9.0986156041224735,-0.598414041309983,-0.598414041309983,80.45164117311337
standard_deviation,50,Change,954.8046999213757,8.365983828948945,-1.3310458164835115,-1.2531545948537435,65.70613139461767
standard_deviation,51,Control,765.2011856375132,7.112926906030531,0.07922120347682782,0.07922120347682782,45.040892259170725
standard_deviation,51,Change,765.2011856375132,7.002304280899015,-0.03140142165468873,0.13848487124049313,43.47054599487787
standard_deviation,52,Control,515.4921352307244,1.9070905195819043,-1.6190003836688849,-1.6190003836688849,4.518131826364255
standard_deviation,52,Change,515.4921352307244,0.41925441331657076,-3.1068364899342185,-2.8157920952255906,1.4842499267433031
standard_deviation,53,Control,961.1526203717035,8.015904244159154,-1.7702934137265753,-1.7702934137265753,59.378124167000045
standard_deviation,53,Change,961.1526203717035,7.50678084528875,-2.2794168125969794,-2.2046055834263214,50.95463611960407
standard_deviation,54,Control,741.8484175028,7.59377617154075,0.8881022923453497,0.8881022923453497,52.3305340464333
standard_deviation,54,Change,741.8484175028,8.643198654971403,1.9375247757760032,2.1187417635526167,71.04078935368412
standard_deviation,55,Control,792.6443773960509,8.594095844593898,1.174900928110855,1.174900928110855,70.0745532116858
standard_deviation,55,Change,792.6443773960509,10.410442779302208,2.991247862819165,3.147818799239481,112.39778563679464
standard_deviation,56,Control,1078.8899715887035,11.767814029213307,0.3277825399677887,0.3277825399677887,153.85230281966457
standard_deviation,56,Change,1078.8899715887035,12.751651062251266,1.311619573005748,1.3293049832973676,189.8772772273244
standard_deviation,57,Control,1157.7386870975197,14.973278812114396,2.4256746458906076,2.4256746458906076,292.25645838625144
standard_deviation,57,Change,1157.7386870975197,17.357449281592892,4.809845115369104,4.789273359226771,439.53545052725565
standard_deviation,58,Control,957.7826910754833,8.930025537772252,-0.8088353741974981,-0.8088353741974981,76.87214049074719
standard_deviation,58,Change,957.7826910754833,7.269820224337876,-2.4690406876318747,-2.3925943786108466,47.33557813942104
standard_deviation,59,Control,1276.532195378289,13.499287122562471,-0.7169865092972021,-0.7169865092972021,220.92419731803778
standard_deviation,59,Change,1276.532195378289,12.637993279958462,-1.5782803519012116,-1.6564903712447023,185.44173675187957
standard_deviation,60,Control,1058.6130696765515,10.73645509586783,-0.41875066873849676,-0.41875066873849676,121.53351871212722
standard_deviation,60,Change,1058.6130696765515,9.198875826139831,-1.9563299384664958,-1.9288062345994863,82.63479693252351
standard_deviation,61,Control,901.8697661953355,9.475524365085604,0.5220615092232617,0.5220615092232617,88.87347981343694
standard_deviation,61,Change,901.8697661953355,9.366108238515233,0.4126453826528902,0.5162204794943079,86.36801335842604
standard_deviation,62,Control,696.2516358663487,7.3598208963102065,1.2946362016600048,1.2946362016600048,48.68818871820922
standard_deviation,62,Change,696.2516358663487,8.573326635228282,2.5081419405780805,2.7114823536085044,69.66864324817477
standard_deviation,63,Control,893.3019463424636,7.563393266769974,-1.269719078509202,-1.269719078509202,51.847087405763006
standard_deviation,63,Change,893.3019463424636,6.877958977663927,-1.9551533676152486,-1.8474211896093218,41.751608452131606
standard_deviation,64,Control,1119.3311959664964,12.556458140889683,0.5483565841059974,0.5483565841059974,182.30483013222832
standard_deviation,64,Change,1119.3311959664964,13.504167748699015,1.4960661919153289,1.494129638274753,221.1377931366494
standard_deviation,65,Control,1010.0851482718749,10.038002133060466,-0.4355412928314255,-0.4355412928314255,102.56207485866696
standard_deviation,65,Change,1010.0851482718749,9.06028994155335,-1.4132534843385418,-1.3621841747645522,79.62787977491202
standard_deviation,66,Control,748.8853694909774,6.412749661948027,-0.39177092262511337,-0.39177092262511337,35.74137041342721
standard_deviation,66,Change,748.8853694909774,5.515074078464085,-1.289446506109055,-1.1116438268809343,25.899291594568908
standard_deviation,67,Control,663.7797403790247,4.6067454516194335,-1.0023127991265204,-1.0023127991265204,18.05040239845081
standard_deviation,67,Change,663.7797403790247,3.8576253461280383,-1.7514329046179156,-1.5323372227531427,12.972594005717665
standard_deviation,68,Control,968.5963267958526,7.606829185508788,-2.2839287787514113,-2.2839287787514113,52.53919662582345
standard_deviation,68,Change,968.5963267958526,6.080758063873238,-3.809999900386962,-3.7388003358289295,31.84189336462539
standard_deviation,69,Control,860.1345829647486,5.496755688314172,-2.8704611099353325,-2.8704611099353325,25.72099642539566
standard_deviation,69,Change,860.1345829647486,2.4210702092912264,-5.946146588958278,-5.822321703129168,6.171706025015696
standard_deviation,70,Control,1206.6202736238013,11.044287929447268,-2.189946441143075,-2.189946441143075,130.62540390767677
standard_deviation,70,Change,1206.6202736238013,9.043433972745468,-4.190800397844875,-4.2350893569780705,79.26745877394934
standard_deviation,71,Control,892.3959040733456,8.760606641356029,-0.059778703172574055,-0.059778703172574055,73.38887183682104
standard_deviation,71,Change,892.3959040733456,7.8470489317186,-0.9733364128100028,-0.8651646257418069,56.4841188084759
standard_deviation,72,Control,438.6947656809045,3.6295084795563817,1.1821753928190786,1.1821753928190786,11.650894720654257
standard_deviation,72,Change,438.6947656809045,4.579063357962799,2.1317302712254955,2.4600365253011116,17.84148604595534
standard_deviation,73,Control,730.510369041468,6.214127449922994,-0.33228305250093904,-0.33228305250093904,33.37058291376384
standard_deviation,73,Change,730.510369041468,7.26127433676905,0.7148638343451168,0.9015820101147414,47.20852653908075
standard_deviation,74,Control,1240.3770637317007,13.860688064767647,0.15227858371758884,0.15227858371758884,237.13503649542193
standard_deviation,74,Change,1240.3770637317007,15.124913835818221,1.416504354768163,1.3558366996841151,300.4039967048244
standard_deviation,75,Control,751.9934479873783,6.7891221224742555,-0.05905704040676518,-0.05905704040676518,40.55307244217915
standard_deviation,75,Change,751.9934479873783,5.849130263873228,-0.9990488990077928,-0.8227542503868825,29.30453942993454
standard_deviation,76,Control,753.9838303944275,4.4956494219118754,-2.3804882581949505,-2.3804882581949505,17.222200352651566
standard_deviation,76,Change,753.9838303944275,2.2076952697141525,-4.668442410392673,-4.4931134895014075,5.44133530956243
standard_deviation,77,Control,1284.7973801791843,12.764991518998217,-1.5673815673240217,-1.5673815673240217,190.40271582471448
standard_deviation,77,Change,1284.7973801791843,11.877749567199778,-2.4546235191224604,-2.53684378198729,157.61756959688637
standard_deviation,78,Control,673.7586137587,5.6510098235841895,-0.09821973408836104,-0.09821973408836104,27.249505189832647
standard_deviation,78,Change,673.7586137587,4.421203924161671,-1.3280256335108795,-1.1137716718598858,16.682346553409733
standard_deviation,79,Control,939.4413122174624,9.846536225971949,0.36531312014983897,0.36531312014983897,97.74800206703023
standard_deviation,79,Change,939.4413122174624,10.826662818183785,1.3454397123616744,1.4307852048262326,124.150355304497
standard_deviation,80,Control,1198.1104394959448,12.44731896896113,-0.6673794053252884,-0.6673794053252884,178.16430002289988
standard_deviation,80,Change,1198.1104394959448,11.95025389565323,-1.1644444786331878,-1.2046044911062666,160.1358302012461
standard_deviation,81,Control,1066.0139808783226,11.432647510676462,0.17348257591843286,0.17348257591843286,142.76174616517798
standard_deviation,81,Change,1066.0139808783226,10.859949904326033,-0.39921503043199635,-0.3752822270607261,125.12586155241628
standard_deviation,82,Control,938.0860485479587,10.693968817205722,1.231782838377466,1.231782838377466,120.31451423807285
standard_deviation,82,Change,938.0860485479587,11.416420393954548,1.954234415126292,2.040237477564329,142.2394549069101
standard_deviation,83,Control,1082.0802263225019,13.391441111082903,1.9065967297952735,1.9065967297952735,216.24118562799816
standard_deviation,83,Change,1082.0802263225019,15.366407628039507,3.8815632467518775,3.8977007547659532,313.7059943902371
standard_deviation,84,Control,714.6234609382859,9.192358942543905,2.8691087696599213,2.8691087696599213,82.49164719956347
standard_deviation,84,Change,714.6234609382859,11.659402677736436,5.3361525048524525,5.530578962025295,150.20134767753242
standard_deviation,85,Control,1085.3361678289762,11.673724956476102,0.14314499373810463,0.14314499373810463,150.6801626882301
standard_deviation,85,Change,1085.3361678289762,12.462061399615632,0.9314814368776343,0.9460391715839442,178.71971406381167
standard_deviation,86,Control,1152.9553740589784,14.003331787482137,1.5229178956050493,1.5229178956050493,243.75641287139473
standard_deviation,86,Change,1152.9553740589784,15.388657750194996,2.908243858317908,2.8899929516889795,314.95194592118173
standard_deviation,87,Control,951.6269166199171,11.0764941048318,1.4241021676402585,1.4241021676402585,131.60330092109675
standard_deviation,87,Change,951.6269166199171,11.838638655876535,2.186246718684993,2.265679791489765,156.27072361271533
standard_deviation,88,Control,671.5002332598601,4.828202582193576,-0.8893039408221073,-0.8893039408221073,19.78383597907207
standard_deviation,88,Change,671.5002332598601,3.4832775763967243,-2.234228946618959,-2.018879225347054,10.85506762543261
standard_deviation,89,Control,961.9426289492287,11.77174539799145,1.974450642208831,1.974450642208831,153.98585423237668
standard_deviation,89,Change,961.9426289492287,14.669309290952548,4.872014535169928,4.946442454486524,276.391733632208
standard_deviation,90,Control,1054.705568673211,8.752939034509602,-2.34737881824379,-2.34737881824379,73.23389038635142
standard_deviation,90,Change,1054.705568673211,6.3282746210615395,-4.772043231691852,-4.742623619752517,34.71913409574155
standard_deviation,91,Control,748.8199969729008,6.219126349493017,-0.5844759599455225,-0.5844759599455225,33.428859531130975
standard_deviation,91,Change,748.8199969729008,5.100808399883736,-1.7027939095548037,-1.5249595117718773,22.073633739008212
standard_deviation,92,Control,766.243660639025,6.561324657322534,-0.4870244902214482,-0.4870244902214482,37.5900993634741
standard_deviation,92,Change,766.243660639025,6.421076458246769,-0.6272726892972136,-0.45789220222751226,35.84326019255388
standard_deviation,93,Control,1047.6030925533257,12.640246035220041,1.639695292666385,1.639695292666385,185.52893960977642
standard_deviation,93,Change,1047.6030925533257,15.078015379865738,4.077464637312081,4.110330349917206,297.8673222966289
standard_deviation,94,Control,1046.2711109009188,8.643169951544055,-2.3386707020129425,-2.3386707020129425,71.04022182477664
standard_deviation,94,Change,1046.2711109009188,5.924937076843824,-5.056903576713173,-5.023391590501252,30.118757600577528
standard_deviation,95,Control,1164.924797332022,12.543358153336468,-0.10518791534099847,-0.10518791534099847,181.80432119200074
standard_deviation,95,Change,1164.924797332022,12.125336510255334,-0.523209558422133,-0.5472679942583589,166.33280906761647
standard_deviation,96,Control,964.0267559521158,11.805090373504434,1.9785202882652158,1.9785202882652158,155.12187205480868
standard_deviation,96,Change,964.0267559521158,13.125480457836069,3.2989103725968505,3.3723270795797458,204.9899746753744
standard_deviation,97,Control,850.8954731783806,9.501260811445471,1.2638240038140705,1.2638240038140705,89.47011227114562
standard_deviation,97,Change,850.8954731783806,10.530428520301184,2.2929917126697834,2.4212993875781788,115.70207504406609
standard_deviation,98,Control,1371.028921230717,17.34718570960266,1.8035348219099099,1.8035348219099099,438.8091055850177
standard_deviation,98,Change,1371.028921230717,19.703647435563983,4.159996547871234,4.035936993185652,628.7664807470726
standard_deviation,99,Control,1100.2776907509979,12.950055625306303,1.209594976065235,1.209594976065235,197.7972148774157
standard_deviation,99,Change,1100.2776907509979,12.994094463160616,1.2536338139195475,1.2609419653509004,199.58600659680073
standard_deviation,100,Control,670.0718656957464,7.019538278607347,1.322095758872952,1.322095758872952,43.712630644529725
standard_deviation,100,Change,670.0718656957464,7.479857635182143,1.7824151154477486,1.9984578764892502,50.534009664334306
skewness,1,Control,809.8010453182804,10.324437544459652,2.6642462275149192,2.6642462275149192,110.07032737944462
skewness,1,Change,809.8010453182804,9.7245919147973,2.0644005978525666,2.080408045662616,94.7657584343005
skewness,2,Control,1371.7876250313125,15.945760243092638,0.3914519896579556,0.3914519896579556,347.2904866055644
skewness,2,Change,1371.7876250313125,14.332264224594088,-1.2220440288405943,-0.8503432079011652,259.5166884246513
skewness,3,Control,1170.28335033555,15.164175642944643,2.440359015240963,2.440359015240963,302.539212107289
skewness,3,Change,1170.28335033555,13.93414961859235,1.21033299088867,1.4544974297260218,240.52910506542958
skewness,4,Control,1146.8357721478833,15.59896394533506,3.2045109194907866,3.2045109194907866,326.9002352805401
skewness,4,Change,1146.8357721478833,15.71547960172888,3.3210265758846074,3.550350539026713,333.6546937992534
skewness,5,Control,942.0533103740995,9.402566803376889,-0.11534653603926515,-0.11534653603926515,87.19729232107784
skewness,5,Change,942.0533103740995,8.959706501791679,-0.5582068376244749,-0.45849409157450083,77.49407145570298
skewness,6,Control,1071.5142298988376,14.303425439792257,2.9669995694262443,2.9669995694262443,258.10718761074696
skewness,6,Change,1071.5142298988376,13.221373438633883,1.8849475682678705,2.0665989100360846,208.99817374662632
skewness,7,Control,1053.9464967965414,10.516727754186098,-0.5729275625318415,-0.5729275625318415,115.32137505229815
skewness,7,Change,1053.9464967965414,10.37159201392532,-0.7180633027926202,-0.547530956514624,111.34219099611619
skewness,8,Control,1124.9538944646547,10.554678730567872,-1.5324037859849113,-1.5324037859849113,116.37806519067126
skewness,8,Change,1124.9538944646547,10.163723018769318,-1.9233594977834656,-1.707885044869034,105.81186914145114
skewness,9,Control,632.9819079262686,6.559975296534782,1.383528249594848,1.383528249594848,37.573014543029736
skewness,9,Change,632.9819079262686,8.077667015003147,2.901219968063213,2.8053147872035726,60.46210240157044
skewness,10,Control,1137.9147606728775,10.595255178656792,-1.6738861221078096,-1.6738861221078096,117.51533516124422
skewness,10,Change,1137.9147606728775,10.68082194069892,-1.5883193600656824,-1.3646416966357346,119.93904854426022
skewness,11,Control,967.1450540211221,10.827754833476902,0.9573826175673457,0.9573826175673457,124.18227298856453
skewness,11,Change,967.1450540211221,9.885157455867441,0.0147852399578845,0.1303790893254213,98.70604670148744
skewness,12,Control,798.0058237906436,8.576855051653226,1.0823489332385474,1.0823489332385474,69.73748566752941
skewness,12,Change,798.0058237906436,7.887971500318001,0.39346538190332225,0.4020073807446405,57.176212574259644
skewness,13,Control,727.6193823774857,6.538416741564018,0.032615370409665445,0.032615370409665445,37.300789271306655
skewness,13,Change,727.6193823774857,5.30830781266909,-1.1974935584852622,-1.2335006497336076,23.93636920516814
skewness,14,Control,1355.933268848169,15.887266993614102,0.5556618191860494,0.5556618191860494,343.7906090437535
skewness,14,Change,1355.933268848169,14.311148640571071,-1.020456533856981,-0.6587902753664583,258.48413371263524
skewness,15,Control,853.345696030419,11.16266910621704,2.8908144914480953,2.8908144914480953,134.2450745693992
skewness,15,Change,853.345696030419,11.516817138659093,3.2449625238901483,3.2885303161152954,145.49241852333475
skewness,16,Control,747.4769313431825,6.798688011458748,0.013951485505269368,0.013951485505269368,40.68095777147423
skewness,16,Change,747.4769313431825,6.769424938330976,-0.015311587622502287,-0.03875040975435606,40.29062969473975
skewness,17,Control,893.1741832056745,7.299230851395533,-1.5320868297788497,-1.5320868297788497,47.7746549730758
skewness,17,Change,893.1741832056745,6.4862280319717645,-2.3450896492026185,-2.2763135522573847,36.647510457242994
skewness,18,Control,762.8375530401396,6.011611659909863,-0.9888925520885072,-0.9888925520885072,31.068957444945248
skewness,18,Change,762.8375530401396,5.182724727676252,-1.8177794843221182,-1.8314962391627132,22.79639786689244
skewness,19,Control,1360.14623225907,14.349381457190754,-1.0414024005286127,-1.0414024005286127,260.3558394671747
skewness,19,Change,1360.14623225907,13.951896255713399,-1.438887602005968,-1.0745548685130366,241.35410530776613
skewness,20,Control,952.0933294457475,11.143892411925128,1.484948863857639,1.484948863857639,133.66632381464046
skewness,20,Change,952.0933294457475,9.591345062744733,-0.06759848532275647,0.038468804374330645,91.5805681870566
skewness,21,Control,848.3012575373444,7.997570137985625,-0.20342622361365148,-0.20342622361365148,59.058985387642444
skewness,21,Change,848.3012575373444,7.013976468983012,-1.1870198926162647,-1.1466448338262492,43.6344014677036
skewness,22,Control,831.3479116148408,4.920885289054461,-3.0419706969412763,-3.0419706969412763,20.542694486901514
skewness,22,Change,831.3479116148408,6.0768117222042255,-1.8860442637915122,-1.8563993416536633,31.797421893848593
skewness,23,Control,842.439508990709,6.850923890482157,-1.2677336214900166,-1.2677336214900166,41.38427788632542
skewness,23,Change,842.439508990709,6.306278148801278,-1.812379363170896,-1.77571433089798,34.4563510482071
skewness,24,Control,1070.6463019605076,10.396974977966325,-0.9272592762918386,-0.9272592762918386,112.03106904497899
skewness,24,Change,1070.6463019605076,9.29657086640446,-2.0276633878537034,-1.8465613763135806,84.80166323624124
skewness,25,Control,1079.2353915984058,8.526522165795216,-2.918361371608084,-2.918361371608084,68.75994295911518
skewness,25,Change,1079.2353915984058,9.690782159482785,-1.7541013779205148,-1.5675631471258775,93.95033033778233
skewness,26,Control,1045.9616782980786,8.934450466965538,-2.0430436465868365,-2.0430436465868365,76.96463744236321
skewness,26,Change,1045.9616782980786,8.986117708273474,-1.991376405278901,-1.8258978220765183,78.05044238530242
skewness,27,Control,895.2244506702026,9.745094867137217,0.8849774749015307,0.8849774749015307,95.26265706415421
skewness,27,Change,895.2244506702026,9.0910561080641,0.23093871582841352,0.3010124710747544,80.2886893741428
skewness,28,Control,1008.3409440623815,10.845982351207297,0.39693942494991497,0.39693942494991497,124.71587973018744
skewness,28,Change,1008.3409440623815,10.986873870696094,0.5378309444387117,0.6794985571607484,128.89473826909466
skewness,29,Control,1010.4300478390683,12.198305666078285,1.7199175025840123,1.7199175025840123,168.96437315913488
skewness,29,Change,1010.4300478390683,12.964713797167926,2.486325633673653,2.6293154850326435,198.39135650163456
skewness,30,Control,1178.5242226084245,11.138839361391064,-1.7007352073900837,-1.7007352073900837,133.51087329146927
skewness,30,Change,1178.5242226084245,11.17049668627845,-1.6690778825026982,-1.4196976186579882,134.48685989908466
skewness,31,Control,1278.3618610328856,15.271294818240971,1.029320226334459,1.029320226334459,308.4187906525246
skewness,31,Change,1278.3618610328856,13.804567024621853,-0.4374075672846587,-0.12483791839342473,234.5648290104401
skewness,32,Control,1063.8895408434803,10.768224380904321,-0.4610989550237665,-0.4610989550237665,122.45066454764998
skewness,32,Change,1063.8895408434803,10.437719985863696,-0.791603350064392,-0.6147778377146462,113.14309339679511
skewness,33,Control,809.8671839909055,8.763791315202337,1.102670961098065,1.102670961098065,73.45330946207446
skewness,33,Change,809.8671839909055,9.266873043359375,1.6057526892551035,1.6218019976511941,84.13881227446858
skewness,34,Control,879.2042182161018,10.089985855966978,1.454901574676752,1.454901574676752,103.89721508341626
skewness,34,Change,879.2042182161018,8.751026859040191,0.11594257774996564,0.1758767838938624,73.19527627424783
skewness,35,Control,941.259563409099,5.460701571693047,-4.046062157419428,-4.046062157419428,25.37258986186528
skewness,35,Change,941.259563409099,6.044172888920328,-3.4625908401921466,-3.363380473639448,31.431278905911515
skewness,36,Control,866.2033510611727,9.89132663781465,1.4388630263083684,1.4388630263083684,98.85968683110688
skewness,36,Change,866.2033510611727,9.249422726836903,0.7969591153306208,0.8486647935009408,83.75102019961878
skewness,37,Control,876.9889026282465,7.628248928816922,-0.9757172423029692,-0.9757172423029692,52.882868834651475
skewness,37,Change,876.9889026282465,8.22780701830672,-0.37615915281317136,-0.3176270674715074,63.15480921343904
skewness,38,Control,896.5453224706046,7.2259857909794665,-1.652685632307655,-1.652685632307655,46.68641937448484
skewness,38,Change,896.5453224706046,9.402862324735437,0.5241909014483159,0.5951006648185455,87.20403686723091
skewness,39,Control,800.6796359321816,8.425671657618896,0.8936070165037542,0.8936070165037542,66.83020060060406
skewness,39,Change,800.6796359321816,7.1160999152623265,-0.41596472585281496,-0.4057304138957214,45.08651171704203
skewness,40,Control,924.8657634387625,8.978202276914553,-0.2982809105071489,-0.2982809105071489,77.88340573628098
skewness,40,Change,924.8657634387625,8.42826028150368,-0.8482229059180213,-0.7593885273699374,66.87925313213539
skewness,41,Control,938.9006026059986,7.733173905771728,-1.7404539565772046,-1.7404539565772046,54.58911964901054
skewness,41,Change,938.9006026059986,8.219046029552233,-1.254581832796699,-1.156864503187272,62.99542194644167
skewness,42,Control,1073.8236487469107,12.434068916067151,1.065203085210742,1.065203085210742,177.6661425876431
skewness,42,Change,1073.8236487469107,11.84448501157923,0.4756191807228216,0.6587322032672205,156.47153799021157
skewness,43,Control,882.7232287515387,6.913388425446095,-1.7711267171320726,-1.7711267171320726,42.23644211572843
skewness,43,Change,882.7232287515387,6.631251198756114,-2.0532639438220537,-1.991102480351004,38.482933315834565
skewness,44,Control,897.284803494087,8.793565405330673,-0.09549336506118955,-0.09549336506118955,74.05766581250913
skewness,44,Change,897.284803494087,7.529121201820979,-1.3599375685708832,-1.288559771782948,51.30551934197067
skewness,45,Control,753.8250363760699,5.805840382873964,-1.0680667483283477,-1.0680667483283477,28.846555143183835
skewness,45,Change,753.8250363760699,6.213684986799012,-0.6602221444033001,-0.6796431145549873,33.36542815607589
skewness,46,Control,543.4499971787914,3.983378116412049,0.0645685264890945,0.0645685264890945,13.744341663134026
skewness,46,Change,543.4499971787914,3.4369544724688104,-0.4818551174541441,-0.634426967031652,10.611121459949796
skewness,47,Control,966.9172341114601,9.125432839798158,-0.7417392338442106,-0.7417392338442106,81.03157852442895
skewness,47,Change,966.9172341114601,9.321797292817743,-0.5453747808246252,-0.42992512356960155,85.36757735024463
skewness,48,Control,938.2430471806242,12.047771869531449,2.583380561234714,2.583380561234714,163.56711406877412
skewness,48,Change,938.2430471806242,10.246595520270855,0.7822042119741202,0.8795053606359708,107.99305603798217
skewness,49,Control,957.7884287968509,8.315208973145507,-1.4237325354880426,-1.4237325354880426,64.76038970675506
skewness,49,Change,957.7884287968509,8.716090906247022,-1.0228506023865283,-0.9131787620264422,72.49229244252737
skewness,50,Control,954.8046999213757,9.0986156041224735,-0.598414041309983,-0.598414041309983,80.45164117311337
skewness,50,Change,954.8046999213757,8.550798963897051,-1.146230681535405,-1.0384473072464537,69.23023011806573
skewness,51,Control,765.2011856375132,7.112926906030531,0.07922120347682782,0.07922120347682782,45.040892259170725
skewness,51,Change,765.2011856375132,6.407052463021079,-0.626653239532625,-0.6388740005510405,35.67177429546736
skewness,52,Control,515.4921352307244,1.9070905195819043,-1.6190003836688849,-1.6190003836688849,4.518131826364255
skewness,52,Change,515.4921352307244,1.7808943380611637,-1.7451965651896255,-1.9154635458979714,4.165537432218739
skewness,53,Control,961.1526203717035,8.015904244159154,-1.7702934137265753,-1.7702934137265753,59.378124167000045
skewness,53,Change,961.1526203717035,8.523595459112464,-1.2626021987732656,-1.1508010893304128,68.70339863521879
skewness,54,Control,741.8484175028,7.59377617154075,0.8881022923453497,0.8881022923453497,52.3305340464333
skewness,54,Change,741.8484175028,8.728627405111567,2.022953525916167,1.9959522965207572,72.74400659342206
skewness,55,Control,792.6443773960509,8.594095844593898,1.174900928110855,1.174900928110855,70.0745532116858
skewness,55,Change,792.6443773960509,7.730451633077869,0.31125671659482546,0.3164053408934304,54.54437086405722
skewness,56,Control,1078.8899715887035,11.767814029213307,0.3277825399677887,0.3277825399677887,153.85230281966457
skewness,56,Change,1078.8899715887035,11.20131609894234,-0.23871539030317734,-0.052395783249449934,135.44180099381308
skewness,57,Control,1157.7386870975197,14.973278812114396,2.4256746458906076,2.4256746458906076,292.25645838625144
skewness,57,Change,1157.7386870975197,12.983217013043937,0.435612846820149,0.6718374989384195,199.14313219433672
skewness,58,Control,957.7826910754833,8.930025537772252,-0.8088353741974981,-0.8088353741974981,76.87214049074719
skewness,58,Change,957.7826910754833,8.21456855358026,-1.5242923583894896,-1.414624149556456,62.914072768661846
skewness,59,Control,1276.532195378289,13.499287122562471,-0.7169865092972021,-0.7169865092972021,220.92419731803778
skewness,59,Change,1276.532195378289,14.743065570483662,0.5267919386239885,0.8382035528363243,280.18436990418144
skewness,60,Control,1058.6130696765515,10.73645509586783,-0.41875066873849676,-0.41875066873849676,121.53351871212722
skewness,60,Change,1058.6130696765515,12.544552433778065,1.3893466691717382,1.5628325896249269,181.8499109591515
skewness,61,Control,901.8697661953355,9.475524365085604,0.5220615092232617,0.5220615092232617,88.87347981343694
skewness,61,Change,901.8697661953355,8.927084267610756,-0.02637858825158723,0.04790112987708817,76.81070042489655
skewness,62,Control,696.2516358663487,7.3598208963102065,1.2946362016600048,1.2946362016600048,48.68818871820922
skewness,62,Change,696.2516358663487,5.387168863795852,-0.67801583085435,-0.7338762423896501,24.67227337847995
skewness,63,Control,893.3019463424636,7.563393266769974,-1.269719078509202,-1.269719078509202,51.847087405763006
skewness,63,Change,893.3019463424636,7.181179103132486,-1.65193324214669,-1.5830762811688857,46.02932919791082
skewness,64,Control,1119.3311959664964,12.556458140889683,0.5483565841059974,0.5483565841059974,182.30483013222832
skewness,64,Change,1119.3311959664964,11.792054776555597,-0.21604678022808876,-0.004131053922254324,154.67707110932318
skewness,65,Control,1010.0851482718749,10.038002133060466,-0.4355412928314255,-0.4355412928314255,102.56207485866696
skewness,65,Change,1010.0851482718749,10.20453855104503,-0.2690048748468623,-0.1262333178295414,106.88223216611324
skewness,66,Control,748.8853694909774,6.412749661948027,-0.39177092262511337,-0.39177092262511337,35.74137041342721
skewness,66,Change,748.8853694909774,6.847534694382295,0.04301410980915499,0.02046671842265635,41.338388437501955
skewness,67,Control,663.7797403790247,4.6067454516194335,-1.0023127991265204,-1.0023127991265204,18.05040239845081
skewness,67,Change,663.7797403790247,3.6518278141634606,-1.9572304365824933,-2.033643007999775,11.775850446875674
skewness,68,Control,968.5963267958526,7.606829185508788,-2.2839287787514113,-2.2839287787514113,52.53919662582345
skewness,68,Change,968.5963267958526,6.715194087477524,-3.1755638767826753,-3.05905148571466,39.574210146378846
skewness,69,Control,860.1345829647486,5.496755688314172,-2.8704611099353325,-2.8704611099353325,25.72099642539566
skewness,69,Change,860.1345829647486,6.2526801812107795,-2.114536617038725,-2.0666719925036343,33.82187178479104
skewness,70,Control,1206.6202736238013,11.044287929447268,-2.189946441143075,-2.189946441143075,130.62540390767677
skewness,70,Change,1206.6202736238013,12.081554654424208,-1.1526797161661353,-0.8855168583627275,164.76770527541734
skewness,71,Control,892.3959040733456,8.760606641356029,-0.059778703172574055,-0.059778703172574055,73.38887183682104
skewness,71,Change,892.3959040733456,8.678556182015626,-0.14182916251297684,-0.07354565514159894,71.74229721499964
skewness,72,Control,438.6947656809045,3.6295084795563817,1.1821753928190786,1.1821753928190786,11.650894720654257
skewness,72,Change,438.6947656809045,3.781113767213304,1.3337806804760008,1.1149069956065238,12.518184961371743
skewness,73,Control,730.510369041468,6.214127449922994,-0.33228305250093904,-0.33228305250093904,33.37058291376384
skewness,73,Change,730.510369041468,6.79197737512635,0.24556687270241628,0.21138954898821538,40.59121449746879
skewness,74,Control,1240.3770637317007,13.860688064767647,0.15227858371758884,0.15227858371758884,237.13503649542193
skewness,74,Change,1240.3770637317007,12.744377744456784,-0.9640317365932738,-0.6755034815136032,189.59123211148622
skewness,75,Control,751.9934479873783,6.7891221224742555,-0.05905704040676518,-0.05905704040676518,40.55307244217915
skewness,75,Change,751.9934479873783,8.108463740868215,1.2602845779871945,1.2397043562169179,61.007746870204286
skewness,76,Control,753.9838303944275,4.4956494219118754,-2.3804882581949505,-2.3804882581949505,17.222200352651566
skewness,76,Change,753.9838303944275,5.294753098336249,-1.5813845817705765,-1.6007050477784617,23.811447976153907
skewness,77,Control,1284.7973801791843,12.764991518998217,-1.5673815673240217,-1.5673815673240217,190.40271582471448
skewness,77,Change,1284.7973801791843,15.303501403791289,0.9711283174690504,1.2877711446097617,310.20207322789514
skewness,78,Control,673.7586137587,5.6510098235841895,-0.09821973408836104,-0.09821973408836104,27.249505189832647
skewness,78,Change,673.7586137587,5.758392349256171,0.009162791583620766,-0.060933936607901806,28.35036107380283
skewness,79,Control,939.4413122174624,9.846536225971949,0.36531312014983897,0.36531312014983897,97.74800206703023
skewness,79,Change,939.4413122174624,9.566201056297713,0.08497795047560253,0.18303750680810182,90.98803750415651
skewness,80,Control,1198.1104394959448,12.44731896896113,-0.6673794053252884,-0.6673794053252884,178.16430002289988
skewness,80,Change,1198.1104394959448,12.063194082136963,-1.0515042921494544,-0.7897274910865022,164.1144347262233
skewness,81,Control,1066.0139808783226,11.432647510676462,0.17348257591843286,0.17348257591843286,142.76174616517798
skewness,81,Change,1066.0139808783226,14.61360689497219,3.35444196021416,3.532612076277381,273.5513760572273
skewness,82,Control,938.0860485479587,10.693968817205722,1.231782838377466,1.231782838377466,120.31451423807285
skewness,82,Change,938.0860485479587,11.433094298596869,1.970908319768613,2.068110100624814,142.77614558684593
skewness,83,Control,1082.0802263225019,13.391441111082903,1.9065967297952735,1.9065967297952735,216.24118562799816
skewness,83,Change,1082.0802263225019,13.29636274713802,1.8115183658503895,1.999857153625456,212.17060913871433
skewness,84,Control,714.6234609382859,9.192358942543905,2.8691087696599213,2.8691087696599213,82.49164719956347
skewness,84,Change,714.6234609382859,10.586039986805641,4.262789813921658,4.218557324949415,117.25637359558213
skewness,85,Control,1085.3361678289762,11.673724956476102,0.14314499373810463,0.14314499373810463,150.6801626882301
skewness,85,Change,1085.3361678289762,11.716089840783162,0.18550987804516517,0.3759094211104035,152.10273734482476
skewness,86,Control,1152.9553740589784,14.003331787482137,1.5229178956050493,1.5229178956050493,243.75641287139473
skewness,86,Change,1152.9553740589784,14.703740508697557,2.2233266168204686,2.4565238074105995,278.1577255539806
skewness,87,Control,951.6269166199171,11.0764941048318,1.4241021676402585,1.4241021676402585,131.60330092109675
skewness,87,Change,951.6269166199171,10.605926921194698,0.9535349840031557,1.0593070710080799,117.81572807373817
skewness,88,Control,671.5002332598601,4.828202582193576,-0.8893039408221073,-0.8893039408221073,19.78383597907207
skewness,88,Change,671.5002332598601,5.532512168045436,-0.18499435497024752,-0.256520460670842,26.069820768906926
skewness,89,Control,961.9426289492287,11.77174539799145,1.974450642208831,1.974450642208831,153.98585423237668
skewness,89,Change,961.9426289492287,12.535451640917088,2.738156885134469,2.850458007968893,181.50270437081826
skewness,90,Control,1054.705568673211,8.752939034509602,-2.34737881824379,-2.34737881824379,73.23389038635142
skewness,90,Change,1054.705568673211,9.073107786604035,-2.0272100661493564,-1.856197286982022,79.90272270405858
skewness,91,Control,748.8199969729008,6.219126349493017,-0.5844759599455225,-0.5844759599455225,33.428859531130975
skewness,91,Change,748.8199969729008,5.285164424839641,-1.5184378845988986,-1.5410266516557494,23.723354160484874
skewness,92,Control,766.243660639025,6.561324657322534,-0.4870244902214482,-0.4870244902214482,37.5900993634741
skewness,92,Change,766.243660639025,9.208743058192972,2.16039391064899,2.148832954442782,82.8518711804812
skewness,93,Control,1047.6030925533257,12.640246035220041,1.639695292666385,1.639695292666385,185.52893960977642
skewness,93,Change,1047.6030925533257,14.089843209502966,3.08929246694931,3.2558099364778563,247.8346201204046
skewness,94,Control,1046.2711109009188,8.643169951544055,-2.3386707020129425,-2.3386707020129425,71.04022182477664
skewness,94,Change,1046.2711109009188,9.314555776594137,-1.66728487696286,-1.5016104472220828,85.20485596822797
skewness,95,Control,1164.924797332022,12.543358153336468,-0.10518791534099847,-0.10518791534099847,181.80432119200074
skewness,95,Change,1164.924797332022,11.5077252124551,-1.1408208562223674,-0.900047960638398,145.19570733722043
skewness,96,Control,964.0267559521158,11.805090373504434,1.9785202882652158,1.9785202882652158,155.12187205480868
skewness,96,Change,964.0267559521158,10.659963342625305,0.8333932573860867,0.9470134689504679,119.34502556710733
skewness,97,Control,850.8954731783806,9.501260811445471,1.2638240038140705,1.2638240038140705,89.47011227114562
skewness,97,Change,850.8954731783806,9.019092477385831,0.7816556697544303,0.8236726633259774,78.7489967494107
skewness,98,Control,1371.028921230717,17.34718570960266,1.8035348219099099,1.8035348219099099,438.8091055850177
skewness,98,Change,1371.028921230717,15.973678057172577,0.43002716947982833,0.8012477904931679,348.9696772128587
skewness,99,Control,1100.2776907509979,12.950055625306303,1.209594976065235,1.209594976065235,197.7972148774157
skewness,99,Change,1100.2776907509979,11.63219638436212,-0.10826426487894913,0.09159208886411108,149.2947358220847
skewness,100,Control,670.0718656957464,7.019538278607347,1.322095758872952,1.322095758872952,43.712630644529725
skewness,100,Change,670.0718656957464,7.562743464655891,1.8653009449214961,1.7928707947200389,51.8367821693334
